,vin,1st_prediction_instance_km,Predicted as Failed,Actual Failed,ANN_AIR_FILTER_KM,Predicted in advance km
0,MB1A3EHD3JADJ0747,120229.4,Y,Y,124902.0,4672.600000000006
1,MB1A3EHD4JPBE3761,180446.3,Y,Y,201251.0,20804.70000000001
2,MB1A3EHD4JPCD8594,197628.5,Y,Y,203685.0,6056.5
3,MB1A3EHD5JAAJ3396,162903.8,Y,Y,177801.0,14897.200000000012
4,MB1A3EHD6JPBE3633,208702.4,Y,Y,237223.0,28520.600000000006
5,MB1A3EHD6JPDD7255,68091.4,Y,Y,76315.0,8223.600000000006
6,MB1A3EHD7JPAE9387,76132.3,Y,Y,77890.0,1757.699999999997
7,MB1CTCHD0JPEC8776,211000.0,Y,Y,237180.0,26180.0
8,MB1CTCHD0JPEC9720,211148.9,Y,Y,227805.0,16656.100000000006
9,MB1CTCHD1JAGH6523,115559.3,Y,Y,115747.0,187.6999999999971
10,MB1CTCHD2JPAE5227,72362.6,Y,Y,74676.0,2313.399999999994
11,MB1CTCHD2JPAE5230,78850.6,Y,Y,80760.0,1909.3999999999942
12,MB1CTCHD2JPEC9167,221554.0,Y,Y,245494.0,23940.0
13,MB1CTCHD4JPAE5231,81438.8,Y,Y,82936.0,1497.199999999997
14,MB1CTCHD5JPEC9163,133220.3,Y,Y,142894.0,9673.700000000012
15,MB1CTCHD5JPHB5983,121451.3,Y,Y,124088.0,2636.699999999997
16,MB1CTCHD6JPEC8782,224025.3,Y,Y,241696.0,17670.70000000001
17,MB1CTCHD6JPGC0865,115203.8,Y,Y,115669.0,465.1999999999971
18,MB1CTCHD7JPEC9004,218891.2,Y,Y,221450.0,2558.7999999999884
19,MB1CTCHD7JPEC9004,218891.2,Y,Y,239320.0,20428.79999999999
20,MB1KACHD3JPGC1781,152574.2,Y,Y,156500.0,3925.7999999999884
21,MB1KACHD5JPYF1092,68028.0,Y,Y,72039.0,4011.0
22,MB1KACHD6JEDA7439,84104.2,Y,Y,87264.0,3159.800000000003
23,MB1KACHDXJPDD7709,104127.9,Y,Y,106049.0,1921.1000000000058
24,MB1NACHD5JPHB4220,155757.3,Y,Y,166769.0,11011.700000000012
25,MB1TLDHD4JPCD9232,33556.8,Y,Y,35180.0,1623.199999999997
26,MB1TLDHD9JPHB5149,69203.0,Y,Y,72626.0,3423.0
27,MB1TLKHDXJPEC9475,71113.1,Y,Y,73270.0,2156.899999999994
28,MB1TRDHD5JPYF1340,6730.2,Y,Y,7504.0,773.8000000000002
29,MB1TRDHD6JPYF1556,7188.6,Y,Y,9113.0,1924.3999999999996
30,MB1TRKHD2JPED0974,50878.9,Y,Y,61285.0,10406.099999999999
31,MB1TRKHD8JPYF1871,39637.4,Y,Y,43141.0,3503.5999999999985
32,MB1TRKHD9JPBE2773,48003.8,Y,Y,49896.0,1892.199999999997
33,MB1TRKHDXJPYF1872,33517.4,Y,Y,37150.0,3632.5999999999985
34,MB1UPDHD0JPED1210,38466.1,Y,Y,39985.0,1518.9000000000015
35,MB1UPDHD3JPGC2300,114185.4,Y,Y,119501.0,5315.600000000006
36,MB1UPDHD8JPDD6622,108039.3,Y,Y,121841.0,13801.699999999997
37,MB1UPKHD2JPDD7012,132763.9,Y,Y,134922.0,2158.100000000006
38,MB1UPKHD8JPDD3336,69973.4,Y,Y,79049.0,9075.600000000006
39,MB1UPKHD8JPED2562,75165.9,Y,Y,76582.0,1416.1000000000058
40,MB1UPKHD9JRXZ8004,70898.9,Y,Y,78621.0,7722.100000000006
41,MB1UPKHDXJPDD7145,43668.4,Y,Y,49136.0,5467.5999999999985
42,MB1A3CHD4JEXC2438,109488.9,Y,N,,
43,MB1A3EHD0KAJJ9057,58466.0,Y,N,,
44,MB1A3EHD1JABJ2636,172759.3,Y,N,,
45,MB1A3EHD2JEFA4416,135052.1,Y,N,,
46,MB1A3EHD2KAJJ9061,112856.7,Y,N,,
47,MB1A3EHD5JADJ1088,88362.6,Y,N,,
48,MB1A3EHD5JEYB9627,124782.5,Y,N,,
49,MB1A3EHD6JAGH5936,133890.2,Y,N,,
50,MB1A3EHD6JEFA2815,128029.2,Y,N,,
51,MB1A3EHD8JAHH5116,36821.3,Y,N,,
52,MB1A3EHD8JAYJ5583,86678.1,Y,N,,
53,MB1A3EHD9JAAJ3451,179136.3,Y,N,,
54,MB1A3EHD9JADJ1157,81580.5,Y,N,,
55,MB1A3EHD9JPCD8591,161690.2,Y,N,,
56,MB1A3EHD9JPGB8966,128652.6,Y,N,,
57,MB1A3EHDXJPEC9730,197061.9,Y,N,,
58,MB1CTCHD0JAYJ4764,119688.3,Y,N,,
59,MB1CTCHD1JPFC3279,131883.0,Y,N,,
60,MB1CTCHD2JPHB6721,96809.8,Y,N,,
61,MB1CTCHD3JAYJ5567,93959.0,Y,N,,
62,MB1CTCHD3JPHB7294,3506.6,Y,N,,
63,MB1CTCHD5JAEH8673,117970.5,Y,N,,
64,MB1CTCHD5JAEH9371,93911.9,Y,N,,
65,MB1CTCHD5JPAE5366,99223.2,Y,N,,
66,MB1CTCHD5JPBE1725,91847.0,Y,N,,
67,MB1CTCHD5JPDD5302,161901.7,Y,N,,
68,MB1CTCHD5JPEC9728,127729.4,Y,N,,
69,MB1CTCHD6JAYJ5045,83600.3,Y,N,,
70,MB1CTCHD6JAYJ5210,79221.7,Y,N,,
71,MB1CTCHD6JPCE0151,83344.3,Y,N,,
72,MB1CTCHD6JPXF8340,86862.9,Y,N,,
73,MB1CTCHD6JPYE9804,70437.5,Y,N,,
74,MB1CTCHD7JAAJ3249,107400.3,Y,N,,
75,MB1CTCHD7JAGH5506,113760.2,Y,N,,
76,MB1CTCHD7JAXJ6492,73438.9,Y,N,,
77,MB1CTCHD7JEBB5025,107117.4,Y,N,,
78,MB1CTCHD7JEHZ7795,160586.5,Y,N,,
79,MB1CTCHD7JPBE1483,154635.1,Y,N,,
80,MB1CTCHD7JPDD5284,155214.4,Y,N,,
81,MB1CTCHD7JRHV5037,103435.1,Y,N,,
82,MB1CTCHD8JAFH7374,102500.7,Y,N,,
83,MB1CTCHD8JAXJ5738,145875.8,Y,N,,
84,MB1CTCHD8JAYJ5161,86745.0,Y,N,,
85,MB1CTCHD8JPBE2867,70197.0,Y,N,,
86,MB1CTCHD8JPCD7879,109025.2,Y,N,,
87,MB1CTCHD8JPEC8783,200886.9,Y,N,,
88,MB1CTCHD8JPGC1208,112693.3,Y,N,,
89,MB1CTCHD8JPXF8937,49692.4,Y,N,,
90,MB1CTCHD9JADJ1253,97986.0,Y,N,,
91,MB1CTCHD9JPCE0239,110545.1,Y,N,,
92,MB1CTCHD9JPFC7628,123914.2,Y,N,,
93,MB1CTCHDXJPAE5055,105639.3,Y,N,,
94,MB1CTCHDXJPDD4923,91773.9,Y,N,,
95,MB1DTCHD2KREC3248,1402.1,Y,N,,
96,MB1G3DHD0JRFW4597,74159.7,Y,N,,
97,MB1HTDHD3JEGA0449,101795.5,Y,N,,
98,MB1HTDHD4JRDX5777,146417.8,Y,N,,
99,MB1HTDHD6JRDX6395,118186.5,Y,N,,
100,MB1HTDHD9JEBB4471,91601.6,Y,N,,
101,MB1HTLHD0JPDD7092,139743.3,Y,N,,
102,MB1JADHD4JPAE6673,58077.3,Y,N,,
103,MB1JADHD8JPAE5736,95813.4,Y,N,,
104,MB1JADHD8JPAE7468,141103.1,Y,N,,
105,MB1JADHD8JPGB9185,108083.9,Y,N,,
106,MB1KACHD0JAFH8181,11723.8,Y,N,,
107,MB1KACHD0JEFA4283,120177.6,Y,N,,
108,MB1KACHD0JEHZ7185,210679.2,Y,N,,
109,MB1KACHD0JPCD8414,72680.3,Y,N,,
110,MB1KACHD0JPHB7741,97570.8,Y,N,,
111,MB1KACHD0JRGW4144,130030.4,Y,N,,
112,MB1KACHD0JRHV8198,69754.0,Y,N,,
113,MB1KACHD0JRXZ4311,54634.2,Y,N,,
114,MB1KACHD1JAFH8495,86064.4,Y,N,,
115,MB1KACHD1JEHZ6482,36881.3,Y,N,,
116,MB1KACHD1JEXC1483,92755.0,Y,N,,
117,MB1KACHD1JPFC3090,45928.9,Y,N,,
118,MB1KACHD1JPFC7222,61023.9,Y,N,,
119,MB1KACHD1JPGC0502,7237.1,Y,N,,
120,MB1KACHD1JPHB7120,97983.2,Y,N,,
121,MB1KACHD1JRKA3351,64796.3,Y,N,,
122,MB1KACHD1KPJG8873,84178.8,Y,N,,
123,MB1KACHD2JEAB6825,26661.9,Y,N,,
124,MB1KACHD2JEBB3894,138215.4,Y,N,,
125,MB1KACHD2JPDD4450,64637.2,Y,N,,
126,MB1KACHD2JPGC0492,97055.5,Y,N,,
127,MB1KACHD2JPHB6378,89887.8,Y,N,,
128,MB1KACHD2JRDX3726,119190.2,Y,N,,
129,MB1KACHD2JRHV9532,159938.6,Y,N,,
130,MB1KACHD2JRYY9694,71896.6,Y,N,,
131,MB1KACHD2KEJC5557,48872.3,Y,N,,
132,MB1KACHD2KEJC6756,65203.3,Y,N,,
133,MB1KACHD3JAAJ4223,64724.3,Y,N,,
134,MB1KACHD3JAFH7431,80424.5,Y,N,,
135,MB1KACHD3JAGH6461,158287.0,Y,N,,
136,MB1KACHD3JEFA2172,91421.5,Y,N,,
137,MB1KACHD3JEFA3256,155233.0,Y,N,,
138,MB1KACHD3JEFA3760,92478.0,Y,N,,
139,MB1KACHD3JEFA4536,75597.9,Y,N,,
140,MB1KACHD3JEGA1378,133761.6,Y,N,,
141,MB1KACHD3JEYB8863,60428.2,Y,N,,
142,MB1KACHD3JPDD4411,69165.6,Y,N,,
143,MB1KACHD3JPDD5199,112364.1,Y,N,,
144,MB1KACHD3JPED0653,97331.7,Y,N,,
145,MB1KACHD3JPGB8704,73824.6,Y,N,,
146,MB1KACHD3JPGC1778,139314.1,Y,N,,
147,MB1KACHD3JPYF1172,50082.0,Y,N,,
148,MB1KACHD3JRAY7593,64701.5,Y,N,,
149,MB1KACHD3JRDX5002,110475.0,Y,N,,
150,MB1KACHD3JRGV9973,62191.8,Y,N,,
151,MB1KACHD3JRGW4140,2091.8,Y,N,,
152,MB1KACHD4JEBB2844,98941.5,Y,N,,
153,MB1KACHD4JEEA6650,107589.2,Y,N,,
154,MB1KACHD4JEFA3606,64155.8,Y,N,,
155,MB1KACHD4JPAE9040,134245.0,Y,N,,
156,MB1KACHD4JPED0984,121184.2,Y,N,,
157,MB1KACHD4JPFC6985,121393.2,Y,N,,
158,MB1KACHD4JPYF0970,64066.2,Y,N,,
159,MB1KACHD4JRYZ2838,81291.8,Y,N,,
160,MB1KACHD5HPJB1228,146637.5,Y,N,,
161,MB1KACHD5JAHH5380,10786.7,Y,N,,
162,MB1KACHD5JEAB7399,124571.3,Y,N,,
163,MB1KACHD5JECB0202,78144.6,Y,N,,
164,MB1KACHD5JEHZ8140,20083.3,Y,N,,
165,MB1KACHD5JEWC2987,58364.9,Y,N,,
166,MB1KACHD5JEXC1387,71241.9,Y,N,,
167,MB1KACHD5JPBE2522,77471.6,Y,N,,
168,MB1KACHD5JPED1481,118183.9,Y,N,,
169,MB1KACHD5JPED1593,87559.8,Y,N,,
170,MB1KACHD5JPGC2656,179161.7,Y,N,,
171,MB1KACHD5JPXF9416,50804.9,Y,N,,
172,MB1KACHD5JPYF1948,99705.6,Y,N,,
173,MB1KACHD5JRAY8924,94692.4,Y,N,,
174,MB1KACHD5JRDX4059,58597.5,Y,N,,
175,MB1KACHD5JRDX5003,82011.0,Y,N,,
176,MB1KACHD5JRYZ2816,78124.3,Y,N,,
177,MB1KACHD5KEJC5889,42162.8,Y,N,,
178,MB1KACHD6JADJ0952,141504.3,Y,N,,
179,MB1KACHD6JAFH8492,81759.6,Y,N,,
180,MB1KACHD6JEFA3607,152823.4,Y,N,,
181,MB1KACHD6JEYB7934,46547.5,Y,N,,
182,MB1KACHD6JPCE1088,56805.6,Y,N,,
183,MB1KACHD6JPFC6437,82212.8,Y,N,,
184,MB1KACHD6JPHB6044,88249.1,Y,N,,
185,MB1KACHD6JPYF4275,77553.2,Y,N,,
186,MB1KACHD6JPYF4308,69063.2,Y,N,,
187,MB1KACHD6JRXZ8508,95928.6,Y,N,,
188,MB1KACHD7JAFH7741,6327.5,Y,N,,
189,MB1KACHD7JAYJ5086,107123.9,Y,N,,
190,MB1KACHD7JEAB5802,98659.6,Y,N,,
191,MB1KACHD7JEBB3129,117132.6,Y,N,,
192,MB1KACHD7JPBE2408,75805.8,Y,N,,
193,MB1KACHD7JPBE3199,69098.9,Y,N,,
194,MB1KACHD7JPDD3049,47371.5,Y,N,,
195,MB1KACHD7JPED0994,110962.9,Y,N,,
196,MB1KACHD7JPHB6733,60789.5,Y,N,,
197,MB1KACHD7JPYF0977,58679.7,Y,N,,
198,MB1KACHD7JRAY7600,69211.1,Y,N,,
199,MB1KACHD7JRHV7632,79696.7,Y,N,,
200,MB1KACHD8JAEH8572,78423.8,Y,N,,
201,MB1KACHD8JEBB2586,100795.2,Y,N,,
202,MB1KACHD9JEAB6935,88190.7,Y,N,,
203,MB1KACHD9JPGC2191,183511.4,Y,N,,
204,MB1KAKHD6JPAE6831,53792.5,Y,N,,
205,MB1KAVHDXHPXA0898,8308.1,Y,N,,
206,MB1NACHD2JAFH7143,91539.3,Y,N,,
207,MB1NACHD2JEGA0140,62117.2,Y,N,,
208,MB1NACHD3JPHB6743,56013.7,Y,N,,
209,MB1NACHD3JPHB6967,81718.6,Y,N,,
210,MB1NACHD3JRHV9259,104487.9,Y,N,,
211,MB1NACHD5JPGC0595,172590.0,Y,N,,
212,MB1NACHD6JPHB3772,130561.5,Y,N,,
213,MB1NACHD7JAHH4387,123051.9,Y,N,,
214,MB1NACHD7JAHH4941,1749.1,Y,N,,
215,MB1NACHD7JPHB6518,69001.0,Y,N,,
216,MB1NACHD7JPHB7233,47053.1,Y,N,,
217,MB1NACHD8JAFH7129,74681.6,Y,N,,
218,MB1NACHD9JRHV6415,117619.6,Y,N,,
219,MB1NACHDXJRHV9694,142761.4,Y,N,,
220,MB1TLCHD1JPFC3850,112934.4,Y,N,,
221,MB1TLCHD7JAGH7000,84104.0,Y,N,,
222,MB1TLCHD7JPFC4114,74567.5,Y,N,,
223,MB1TLCHD7JRDX3963,47292.1,Y,N,,
224,MB1TLDHD0JPHB4441,82174.1,Y,N,,
225,MB1TLDHD2JPHB5025,53244.3,Y,N,,
226,MB1TLDHD4JECB0468,61389.8,Y,N,,
227,MB1TLDHDXJPCD9719,94618.2,Y,N,,
228,MB1TLKHD3KPHH3411,5148.0,Y,N,,
229,MB1TLKHD7JPXF5490,53633.5,Y,N,,
230,MB1TRCHD2JRYY9966,54667.4,Y,N,,
231,MB1TRCHD6JAHH5062,96818.4,Y,N,,
232,MB1TRCHD7JEAB6882,57007.7,Y,N,,
233,MB1TRCHD9JRDX3980,52276.6,Y,N,,
234,MB1TRCHDXJAFH7018,131893.8,Y,N,,
235,MB1TRDHD0JPGC1076,154281.1,Y,N,,
236,MB1TRDHD0KPJG5661,56211.2,Y,N,,
237,MB1TRDHD2JPGC1242,69830.0,Y,N,,
238,MB1TRDHD7JPYF4529,8576.1,Y,N,,
239,MB1TRDHD8JPHB6064,82290.5,Y,N,,
240,MB1TRDHD8JPHB6971,14480.3,Y,N,,
241,MB1TRKHD0JPBE3097,75857.4,Y,N,,
242,MB1TRKHD0JPBE3777,32369.2,Y,N,,
243,MB1TRKHD0JPCD8579,114691.0,Y,N,,
244,MB1TRKHD0JPDD4289,52970.6,Y,N,,
245,MB1TRKHD0KPHH3946,39918.1,Y,N,,
246,MB1TRKHD1JPAE6782,64277.1,Y,N,,
247,MB1TRKHD1JPAE7978,68492.9,Y,N,,
248,MB1TRKHD1JPAE8113,57709.3,Y,N,,
249,MB1TRKHD1JPDD3264,86368.7,Y,N,,
250,MB1TRKHD1JPED1288,148759.7,Y,N,,
251,MB1TRKHD1JPED1842,76610.2,Y,N,,
252,MB1TRKHD1JPXF5676,61885.1,Y,N,,
253,MB1TRKHD1JPXF6567,108255.3,Y,N,,
254,MB1TRKHD2JPAE7956,66206.8,Y,N,,
255,MB1TRKHD2JPBE3697,52346.9,Y,N,,
256,MB1TRKHD2JPCD9331,51728.8,Y,N,,
257,MB1TRKHD3JPAE9098,64991.5,Y,N,,
258,MB1TRKHD3JPDD6635,92231.0,Y,N,,
259,MB1TRKHD3JPYF3706,39497.5,Y,N,,
260,MB1TRKHD3KPFJ5568,25414.2,Y,N,,
261,MB1TRKHD4JPAE6775,52052.9,Y,N,,
262,MB1TRKHD4JPAE7621,23109.8,Y,N,,
263,MB1TRKHD4JPAE8428,46008.5,Y,N,,
264,MB1TRKHD4JPCD8620,84983.6,Y,N,,
265,MB1TRKHD4JPDD5817,65711.5,Y,N,,
266,MB1TRKHD4JPYF2273,68383.0,Y,N,,
267,MB1TRKHD5JPAE6641,60611.8,Y,N,,
268,MB1TRKHD5JPAE9359,60155.3,Y,N,,
269,MB1TRKHD5JPED0712,89436.9,Y,N,,
270,MB1TRKHD5JPED2184,91097.3,Y,N,,
271,MB1TRKHD5JPXF7611,41870.1,Y,N,,
272,MB1TRKHD5JRAY8672,70294.2,Y,N,,
273,MB1TRKHD6JPED0962,67524.5,Y,N,,
274,MB1TRKHD6JPYE9973,70256.3,Y,N,,
275,MB1TRKHD6JPYF1805,35052.2,Y,N,,
276,MB1TRKHD6JPYF2632,79962.6,Y,N,,
277,MB1TRKHD7JPBE3355,28083.0,Y,N,,
278,MB1TRKHD7JPBE3548,31609.3,Y,N,,
279,MB1TRKHD7JPBE3551,39269.4,Y,N,,
280,MB1TRKHD7JPDD3446,88678.2,Y,N,,
281,MB1TRKHD7JPDD5813,32132.0,Y,N,,
282,MB1TRKHD7JPYF1571,62636.9,Y,N,,
283,MB1TRKHD7JPYF3286,57816.7,Y,N,,
284,MB1TRKHD8JPAE6651,62329.4,Y,N,,
285,MB1TRKHD8JPBE1517,50461.8,Y,N,,
286,MB1TRKHD8JPDD3438,60206.0,Y,N,,
287,MB1TRKHD8JPXF7523,74865.8,Y,N,,
288,MB1TRKHD9JPYF0213,148953.2,Y,N,,
289,MB1TRKHD9JPYF1748,40938.8,Y,N,,
290,MB1TRKHDXJPBE1566,87874.2,Y,N,,
291,MB1TRKHDXJPBE2779,38972.3,Y,N,,
292,MB1UPDHD4JPFC7406,108482.6,Y,N,,
293,MB1UPDHD6JPHB4789,41963.1,Y,N,,
294,MB1UPDHD6KPJF5341,70303.7,Y,N,,
295,MB1UPDHD9JPGC2978,96919.3,Y,N,,
296,MB1UPDHDXJPFC7135,155554.3,Y,N,,
297,MB1UPKHD0JPAE6850,45000.4,Y,N,,
298,MB1UPKHD0JPDD5310,15105.0,Y,N,,
299,MB1UPKHD0JPYF1485,66474.7,Y,N,,
300,MB1UPKHD1JPAE6243,73433.0,Y,N,,
301,MB1UPKHD1JPBE3863,65995.7,Y,N,,
302,MB1UPKHD1JPXF6109,105347.4,Y,N,,
303,MB1UPKHD1JPYF2094,136090.8,Y,N,,
304,MB1UPKHD2JPAE5568,26573.0,Y,N,,
305,MB1UPKHD2JPDD4658,15757.1,Y,N,,
306,MB1UPKHD3JPBE4433,77572.3,Y,N,,
307,MB1UPKHD3JPDD3521,73498.3,Y,N,,
308,MB1UPKHD4JPCD8479,89262.5,Y,N,,
309,MB1UPKHD4JPDD3365,26497.8,Y,N,,
310,MB1UPKHD5JPAE5564,10349.8,Y,N,,
311,MB1UPKHD5JPBE3736,54497.9,Y,N,,
312,MB1UPKHD5JPEC9957,116503.4,Y,N,,
313,MB1UPKHD6JPAE5993,56755.5,Y,N,,
314,MB1UPKHD6JPBE2109,94074.3,Y,N,,
315,MB1UPKHD6JPYF1393,54958.9,Y,N,,
316,MB1UPKHD6JRAY9209,40317.8,Y,N,,
317,MB1UPKHD7JPAE8031,53610.3,Y,N,,
318,MB1UPKHD7JPDD3344,59298.0,Y,N,,
319,MB1UPKHD7JPYF0625,62083.2,Y,N,,
320,MB1UPKHD8JPAE7681,49598.3,Y,N,,
321,MB1UPKHD8JPDD6172,42948.0,Y,N,,
322,MB1UPKHD8JPED0326,89591.0,Y,N,,
323,MB1UPKHD8JPED2478,39817.9,Y,N,,
324,MB1UPKHD9JPAE7009,55303.6,Y,N,,
325,MB1UPKHD9JPBE3299,50652.8,Y,N,,
326,MB1UPKHD9JPDD6391,83045.4,Y,N,,
327,MB1UPKHD9JPDD7217,86084.4,Y,N,,
328,MB1UPKHD9JPED0268,73348.1,Y,N,,
329,MB1WADHD2JEFA3112,105846.9,Y,N,,
330,MB1A3CHD0KPHH2911,,N,N,,
331,MB1A3CHD1JAGH5623,,N,N,,
332,MB1A3CHD2KPEK0501,,N,N,,
333,MB1A3CHD2KPHH3803,,N,N,,
334,MB1A3CHD3JPED0741,,N,N,,
335,MB1A3CHD3JRYZ0598,,N,N,,
336,MB1A3CHD3KEHC9322,,N,N,,
337,MB1A3CHD3KPFJ6587,,N,N,,
338,MB1A3CHD4JEWC3098,,N,N,,
339,MB1A3CHD4KEGD2968,,N,N,,
340,MB1A3CHD4KPHH3026,,N,N,,
341,MB1A3CHD4KPHH3804,,N,N,,
342,MB1A3CHD5HAJH3396,,N,N,,
343,MB1A3CHD5JRYZ0604,,N,N,,
344,MB1A3CHD5KAFK2992,,N,N,,
345,MB1A3CHD5KEJC5140,,N,N,,
346,MB1A3CHD6KRGB7431,,N,N,,
347,MB1A3CHD7JRYZ3634,,N,N,,
348,MB1A3CHD8JEBB4750,,N,N,,
349,MB1A3CHD9JADJ0093,,N,N,,
350,MB1A3CHD9JPED0310,,N,N,,
351,MB1A3CHD9JPHB4827,,N,N,,
352,MB1A3CHDXJPGC2013,,N,N,,
353,MB1A3EHD0KEED8000,,N,N,,
354,MB1A3EHD1KAJJ9066,,N,N,,
355,MB1A3EHD3JAGH6915,,N,N,,
356,MB1A3EHD3JAYJ4566,,N,N,,
357,MB1A3EHD3JPAE6003,,N,N,,
358,MB1A3EHD3KPGH9506,,N,N,,
359,MB1A3EHD5HAJH3636,,N,N,,
360,MB1A3EHD5JAEH8644,,N,N,,
361,MB1A3EHD5JAWJ7589,,N,N,,
362,MB1A3EHD5KPDK3045,,N,N,,
363,MB1A3EHD5KPEJ9211,,N,N,,
364,MB1A3EHD6JPGC2389,,N,N,,
365,MB1A3EHD6KPEK0948,,N,N,,
366,MB1A3EHD7JEWC3656,,N,N,,
367,MB1A3EHD7KEFD6716,,N,N,,
368,MB1A3EHD8JABJ2634,,N,N,,
369,MB1A3EHD8JAFH8169,,N,N,,
370,MB1A3EHD8JAYJ4904,,N,N,,
371,MB1A3EHD8JEBB3691,,N,N,,
372,MB1A3EHD8KAFK4084,,N,N,,
373,MB1A3EHD8KPEK0742,,N,N,,
374,MB1A3EHD9JAHH5108,,N,N,,
375,MB1A3EHD9KPEJ8756,,N,N,,
376,MB1A3EHDXJAXJ6411,,N,N,,
377,MB1A3EHDXJAYJ5178,,N,N,,
378,MB1A3EHDXJEFA3076,,N,N,,
379,MB1A3EHDXKAGK1545,,N,N,,
380,MB1A3EHDXKPCK5029,,N,N,,
381,MB1A3EHDXKPDK1890,,N,N,,
382,MB1A3EHDXKPDK3137,,N,N,,
383,MB1A3HHD1KRJA9412,,N,N,,
384,MB1A3HHD8JRWA0834,,N,N,,
385,MB1AVPTD3JPCE1130,,N,N,,
386,MB1CTCHD0JEWC3057,,N,N,,
387,MB1CTCHD0JPGB9999,,N,N,,
388,MB1CTCHD2JAWJ7613,,N,N,,
389,MB1CTCHD2JPAE5101,,N,N,,
390,MB1CTCHD2JPGC2824,,N,N,,
391,MB1CTCHD2KPHH7424,,N,N,,
392,MB1CTCHD3JPGB9883,,N,N,,
393,MB1CTCHD3KEDD9426,,N,N,,
394,MB1CTCHD3KPEJ9561,,N,N,,
395,MB1CTCHD4KPHH3942,,N,N,,
396,MB1CTCHD5JEAB7014,,N,N,,
397,MB1CTCHD5JPGC0002,,N,N,,
398,MB1CTCHD5JPWG2988,,N,N,,
399,MB1CTCHD5KAEK4621,,N,N,,
400,MB1CTCHD5KAEK5140,,N,N,,
401,MB1CTCHD5KPEJ7598,,N,N,,
402,MB1CTCHD5KPHH4873,,N,N,,
403,MB1CTCHD5KPHH4923,,N,N,,
404,MB1CTCHD5KPJG6350,,N,N,,
405,MB1CTCHD5KPJH0186,,N,N,,
406,MB1CTCHD6JAXJ6970,,N,N,,
407,MB1CTCHD6JPXG0069,,N,N,,
408,MB1CTCHD6KPHH3506,,N,N,,
409,MB1CTCHD6KPHH4882,,N,N,,
410,MB1CTCHD7JAEH9534,,N,N,,
411,MB1CTCHD7JAFH7382,,N,N,,
412,MB1CTCHD7JAWJ7445,,N,N,,
413,MB1CTCHD7JAXJ5875,,N,N,,
414,MB1CTCHD7JAXJ6766,,N,N,,
415,MB1CTCHD7JAYJ5040,,N,N,,
416,MB1CTCHD7JAYJ5619,,N,N,,
417,MB1CTCHD7JEAB5748,,N,N,,
418,MB1CTCHD7JEBB3176,,N,N,,
419,MB1CTCHD7JECB0037,,N,N,,
420,MB1CTCHD7JPAE5031,,N,N,,
421,MB1CTCHD7KAEK4507,,N,N,,
422,MB1CTCHD7KAEK4510,,N,N,,
423,MB1CTCHD7KAFK3604,,N,N,,
424,MB1CTCHD7KPHH4891,,N,N,,
425,MB1CTCHD7KPJH1176,,N,N,,
426,MB1CTCHD8JEBB3106,,N,N,,
427,MB1CTCHD8JEYB9327,,N,N,,
428,MB1CTCHD8JPDD6928,,N,N,,
429,MB1CTCHD8JPWG3178,,N,N,,
430,MB1CTCHD8JPWG3553,,N,N,,
431,MB1CTCHD8JPXG0106,,N,N,,
432,MB1CTCHD8KPJG8352,,N,N,,
433,MB1CTCHD8KPJH0165,,N,N,,
434,MB1CTCHD9JEAB5881,,N,N,,
435,MB1CTCHD9JPYE9795,,N,N,,
436,MB1CTCHD9KADK6076,,N,N,,
437,MB1CTCHD9KAEK4511,,N,N,,
438,MB1CTCHD9KEFD5967,,N,N,,
439,MB1CTCHD9KPFJ4657,,N,N,,
440,MB1CTCHD9KPHH4889,,N,N,,
441,MB1CTCHD9KPJG5623,,N,N,,
442,MB1CTCHD9KPJG9901,,N,N,,
443,MB1CTCHDXJAXJ6132,,N,N,,
444,MB1CTCHDXJEWC3177,,N,N,,
445,MB1CTCHDXJPED1605,,N,N,,
446,MB1CTCHDXKAEK4503,,N,N,,
447,MB1CTCHDXKAEK5098,,N,N,,
448,MB1CTCHDXKPFJ6501,,N,N,,
449,MB1CTCHDXKPHH3511,,N,N,,
450,MB1CTCHDXKPJG6649,,N,N,,
451,MB1CTCHDXKPJH0359,,N,N,,
452,MB1DTCHD1JRDX4515,,N,N,,
453,MB1DTCHD2KRJA8821,,N,N,,
454,MB1DTCHD5JRWA1746,,N,N,,
455,MB1DTCHD5JRXZ9362,,N,N,,
456,MB1DTCHD5KRJA3659,,N,N,,
457,MB1DTCHDXKEJC2389,,N,N,,
458,MB1G3CHD3JEGZ9512,,N,N,,
459,MB1G3CHD3JEYB9544,,N,N,,
460,MB1G3CHD5JECB1348,,N,N,,
461,MB1G3CHD6JECB1522,,N,N,,
462,MB1G3CHD7JEAB6996,,N,N,,
463,MB1G3CHD8JEFA2877,,N,N,,
464,MB1G3CHD9JEBB3164,,N,N,,
465,MB1G3CHD9JEDA8021,,N,N,,
466,MB1G3CHDXJEEA6443,,N,N,,
467,MB1G3CHDXJEYB9542,,N,N,,
468,MB1G3DHD0JEAB6490,,N,N,,
469,MB1G3DHD0JEXC2419,,N,N,,
470,MB1G3DHD0JPDD4419,,N,N,,
471,MB1G3DHD0JREX3099,,N,N,,
472,MB1G3DHD1JREX2835,,N,N,,
473,MB1G3DHD2JEAB5700,,N,N,,
474,MB1G3DHD3JEGA1371,,N,N,,
475,MB1G3DHD3JEHZ8790,,N,N,,
476,MB1G3DHD3JPFC4960,,N,N,,
477,MB1G3DHD3JRCX7836,,N,N,,
478,MB1G3DHD4JEGA0195,,N,N,,
479,MB1G3DHD4JEYB9137,,N,N,,
480,MB1G3DHD4JPDD6237,,N,N,,
481,MB1G3DHD5JEAB7263,,N,N,,
482,MB1G3DHD5JEDA9219,,N,N,,
483,MB1G3DHD5JEEA6565,,N,N,,
484,MB1G3DHD5JPDD4190,,N,N,,
485,MB1G3DHD6JEDA7849,,N,N,,
486,MB1G3DHD6JRBY1697,,N,N,,
487,MB1G3DHD7JEFA4268,,N,N,,
488,MB1G3DHD8JEAB5345,,N,N,,
489,MB1G3DHD8JRYZ2198,,N,N,,
490,MB1G3DHD9JRYZ2291,,N,N,,
491,MB1G3DHDXJEAB5363,,N,N,,
492,MB1HTDHD0JEBB4469,,N,N,,
493,MB1HTDHD0JECB1011,,N,N,,
494,MB1HTDHD0JEDA8533,,N,N,,
495,MB1HTDHD0JEDA9391,,N,N,,
496,MB1HTDHD0JEYB9446,,N,N,,
497,MB1HTDHD0JPAE5402,,N,N,,
498,MB1HTDHD0JREW9669,,N,N,,
499,MB1HTDHD0JRHV7045,,N,N,,
500,MB1HTDHD1JEBB4013,,N,N,,
501,MB1HTDHD1JEBB4643,,N,N,,
502,MB1HTDHD1JEEA5207,,N,N,,
503,MB1HTDHD1JEFA2147,,N,N,,
504,MB1HTDHD1JEYB9634,,N,N,,
505,MB1HTDHD1JREX1477,,N,N,,
506,MB1HTDHD1JRFW5844,,N,N,,
507,MB1HTDHD2JEYB9447,,N,N,,
508,MB1HTDHD2JEYB9576,,N,N,,
509,MB1HTDHD2JRAY6574,,N,N,,
510,MB1HTDHD2JRDX4692,,N,N,,
511,MB1HTDHD3JEBB4322,,N,N,,
512,MB1HTDHD3JEYB9442,,N,N,,
513,MB1HTDHD3JEYB9635,,N,N,,
514,MB1HTDHD3JPFC3568,,N,N,,
515,MB1HTDHD3JRBY3301,,N,N,,
516,MB1HTDHD4JEAB5704,,N,N,,
517,MB1HTDHD4JEAB5847,,N,N,,
518,MB1HTDHD4JEAB6982,,N,N,,
519,MB1HTDHD4JEAB7131,,N,N,,
520,MB1HTDHD4JEEA5735,,N,N,,
521,MB1HTDHD4JEFA3535,,N,N,,
522,MB1HTDHD4JPAE5385,,N,N,,
523,MB1HTDHD4JPYF4219,,N,N,,
524,MB1HTDHD4JRAY6575,,N,N,,
525,MB1HTDHD4JRDX4709,,N,N,,
526,MB1HTDHD4JREX2204,,N,N,,
527,MB1HTDHD5JEEA5209,,N,N,,
528,MB1HTDHD5JEYB9443,,N,N,,
529,MB1HTDHD5JRDX4900,,N,N,,
530,MB1HTDHD5JRDX6128,,N,N,,
531,MB1HTDHD6JEGA0574,,N,N,,
532,MB1HTDHD6JEYB9306,,N,N,,
533,MB1HTDHD6JRAY6223,,N,N,,
534,MB1HTDHD7JEBB3495,,N,N,,
535,MB1HTDHD7JEBB4310,,N,N,,
536,MB1HTDHD7JEFA3092,,N,N,,
537,MB1HTDHD7JPCD8808,,N,N,,
538,MB1HTDHD7JRBY4662,,N,N,,
539,MB1HTDHD7JRDX4705,,N,N,,
540,MB1HTDHD8JEBB4364,,N,N,,
541,MB1HTDHD8JEYB9503,,N,N,,
542,MB1HTDHD9JEAB5441,,N,N,,
543,MB1HTDHD9JEEA6461,,N,N,,
544,MB1HTDHD9JEEA6976,,N,N,,
545,MB1HTDHD9JPDD5637,,N,N,,
546,MB1HTDHD9JRAY5387,,N,N,,
547,MB1HTDHDXJEAB7134,,N,N,,
548,MB1HTDHDXJEDA9432,,N,N,,
549,MB1HTDHDXJEXC2013,,N,N,,
550,MB1HTDHDXJEYB9504,,N,N,,
551,MB1HTDHDXJPBE4356,,N,N,,
552,MB1HTDHDXJPCD9029,,N,N,,
553,MB1HTDHDXJPED2684,,N,N,,
554,MB1HTDHDXJRAY6578,,N,N,,
555,MB1HTLHD0JRAY8530,,N,N,,
556,MB1HTLHD0JRCX8263,,N,N,,
557,MB1HTLHD0JRKA3300,,N,N,,
558,MB1HTLHD1JPAE5709,,N,N,,
559,MB1HTLHD1JPBE4465,,N,N,,
560,MB1HTLHD1JPYF1515,,N,N,,
561,MB1HTLHD2JPCE1271,,N,N,,
562,MB1HTLHD2JPYF0177,,N,N,,
563,MB1HTLHD2JRCX8152,,N,N,,
564,MB1HTLHD3JPAE6070,,N,N,,
565,MB1HTLHD4JPAE7793,,N,N,,
566,MB1HTLHD5JPCD9983,,N,N,,
567,MB1HTLHD6JPBE3909,,N,N,,
568,MB1HTLHD6JPXF7033,,N,N,,
569,MB1HTLHD6JRAY9147,,N,N,,
570,MB1JADHD0JRGW1424,,N,N,,
571,MB1JADHD3JRAY6302,,N,N,,
572,MB1JADHD3JRAY7269,,N,N,,
573,MB1JADHD6JPCE0900,,N,N,,
574,MB1JADHD7JRCX8550,,N,N,,
575,MB1JADHD7JRCY0959,,N,N,,
576,MB1JADHD8JPCE1238,,N,N,,
577,MB1JADHD8JREX3301,,N,N,,
578,MB1JADHD9JPXF9632,,N,N,,
579,MB1JADHD9JRAY8104,,N,N,,
580,MB1JADHD9JRBY2094,,N,N,,
581,MB1JADHD9JRDX3675,,N,N,,
582,MB1KACHD0JEBB3487,,N,N,,
583,MB1KACHD1JEXC0866,,N,N,,
584,MB1KACHD1JPCD8535,,N,N,,
585,MB1KACHD1JPFC5776,,N,N,,
586,MB1KACHD1JPXF7632,,N,N,,
587,MB1KACHD1JPYF0733,,N,N,,
588,MB1KACHD1JRAY8273,,N,N,,
589,MB1KACHD1JRXZ8500,,N,N,,
590,MB1KACHD1KAJJ8837,,N,N,,
591,MB1KACHD1KEGD3781,,N,N,,
592,MB1KACHD1KPHH2846,,N,N,,
593,MB1KACHD1KPJG2880,,N,N,,
594,MB1KACHD1KPJG8842,,N,N,,
595,MB1KACHD1KPJH1398,,N,N,,
596,MB1KACHD1KRHB1534,,N,N,,
597,MB1KACHD1KRJA4384,,N,N,,
598,MB1KACHD2JPAE7884,,N,N,,
599,MB1KACHD2JPBE1781,,N,N,,
600,MB1KACHD2JPCD7801,,N,N,,
601,MB1KACHD2JPDD6781,,N,N,,
602,MB1KACHD2JPED1356,,N,N,,
603,MB1KACHD2JPGC1836,,N,N,,
604,MB1KACHD2JPYF0739,,N,N,,
605,MB1KACHD2JPYF2863,,N,N,,
606,MB1KACHD2JRHV8185,,N,N,,
607,MB1KACHD2JRXZ5914,,N,N,,
608,MB1KACHD2KEJC7681,,N,N,,
609,MB1KACHD2KPHH2953,,N,N,,
610,MB1KACHD2KPHH3245,,N,N,,
611,MB1KACHD2KPJG5724,,N,N,,
612,MB1KACHD2KPJG6324,,N,N,,
613,MB1KACHD2KPJG8459,,N,N,,
614,MB1KACHD2KPJH1149,,N,N,,
615,MB1KACHD3JAGH5665,,N,N,,
616,MB1KACHD3JEFA4035,,N,N,,
617,MB1KACHD3JEGA1672,,N,N,,
618,MB1KACHD3JEYC0032,,N,N,,
619,MB1KACHD3JPEC9096,,N,N,,
620,MB1KACHD3JPGB9559,,N,N,,
621,MB1KACHD3JPGC2347,,N,N,,
622,MB1KACHD3JPHB3750,,N,N,,
623,MB1KACHD3JPWG4126,,N,N,,
624,MB1KACHD3JPXF9348,,N,N,,
625,MB1KACHD3JPXG0273,,N,N,,
626,MB1KACHD3JRXZ5825,,N,N,,
627,MB1KACHD3KPHH2993,,N,N,,
628,MB1KACHD3KPJG2881,,N,N,,
629,MB1KACHD3KPJG5182,,N,N,,
630,MB1KACHD3KPJG5988,,N,N,,
631,MB1KACHD3KPJG8552,,N,N,,
632,MB1KACHD4JEEA5711,,N,N,,
633,MB1KACHD4JEYB7737,,N,N,,
634,MB1KACHD4JEYB7883,,N,N,,
635,MB1KACHD4JEYB7916,,N,N,,
636,MB1KACHD4JPBE2270,,N,N,,
637,MB1KACHD4JPDD3994,,N,N,,
638,MB1KACHD4JPDD5258,,N,N,,
639,MB1KACHD4JPWG2028,,N,N,,
640,MB1KACHD4JPXF5874,,N,N,,
641,MB1KACHD4JPXF7804,,N,N,,
642,MB1KACHD4JPXF9343,,N,N,,
643,MB1KACHD4JPYF2766,,N,N,,
644,MB1KACHD4JPYF4291,,N,N,,
645,MB1KACHD4JRBY2583,,N,N,,
646,MB1KACHD4JRWZ9797,,N,N,,
647,MB1KACHD4JRWZ9850,,N,N,,
648,MB1KACHD4JRXZ5817,,N,N,,
649,MB1KACHD4KEFD6008,,N,N,,
650,MB1KACHD4KPHH6969,,N,N,,
651,MB1KACHD4KPJG5370,,N,N,,
652,MB1KACHD4KPJG5725,,N,N,,
653,MB1KACHD4KPJG9127,,N,N,,
654,MB1KACHD4KPJH0388,,N,N,,
655,MB1KACHD4KPJH1993,,N,N,,
656,MB1KACHD5JAYJ5393,,N,N,,
657,MB1KACHD5JEXC0885,,N,N,,
658,MB1KACHD5JEXC1504,,N,N,,
659,MB1KACHD5JEYB7665,,N,N,,
660,MB1KACHD5JPBE1449,,N,N,,
661,MB1KACHD5JPBE4285,,N,N,,
662,MB1KACHD5JPBE4674,,N,N,,
663,MB1KACHD5JPWG5083,,N,N,,
664,MB1KACHD5JPXF7617,,N,N,,
665,MB1KACHD5JPXF8993,,N,N,,
666,MB1KACHD5JPXF9657,,N,N,,
667,MB1KACHD5JPYF3084,,N,N,,
668,MB1KACHD5JRFW9000,,N,N,,
669,MB1KACHD5JRXZ8094,,N,N,,
670,MB1KACHD5JRYZ1875,,N,N,,
671,MB1KACHD5KAJJ8825,,N,N,,
672,MB1KACHD5KAJJ9277,,N,N,,
673,MB1KACHD5KPCK4207,,N,N,,
674,MB1KACHD5KPEJ8011,,N,N,,
675,MB1KACHD5KPJG5376,,N,N,,
676,MB1KACHD6JAFH7441,,N,N,,
677,MB1KACHD6JAGH6325,,N,N,,
678,MB1KACHD6JAXJ6176,,N,N,,
679,MB1KACHD6JECB0242,,N,N,,
680,MB1KACHD6JEEA5242,,N,N,,
681,MB1KACHD6JPCD8174,,N,N,,
682,MB1KACHD6JPDD3575,,N,N,,
683,MB1KACHD6JPDD5391,,N,N,,
684,MB1KACHD6JPFC2081,,N,N,,
685,MB1KACHD6JPHB7100,,N,N,,
686,MB1KACHD6JPWG4332,,N,N,,
687,MB1KACHD6JPWG5027,,N,N,,
688,MB1KACHD6JPXF6606,,N,N,,
689,MB1KACHD6JPXF7979,,N,N,,
690,MB1KACHD6JPYF4194,,N,N,,
691,MB1KACHD6JRGW3015,,N,N,,
692,MB1KACHD6JRYZ2811,,N,N,,
693,MB1KACHD6JRYZ2839,,N,N,,
694,MB1KACHD6KEJC7862,,N,N,,
695,MB1KACHD6KPGH8333,,N,N,,
696,MB1KACHD6KPHH2843,,N,N,,
697,MB1KACHD6KPJG8531,,N,N,,
698,MB1KACHD6KPJG9503,,N,N,,
699,MB1KACHD6KRJA4123,,N,N,,
700,MB1KACHD7JPCD9138,,N,N,,
701,MB1KACHD7JPDD5254,,N,N,,
702,MB1KACHD7JPWG3724,,N,N,,
703,MB1KACHD7JPXF6873,,N,N,,
704,MB1KACHD7JPXF9403,,N,N,,
705,MB1KACHD7JPYF2440,,N,N,,
706,MB1KACHD7JRFW7040,,N,N,,
707,MB1KACHD7JRXZ5150,,N,N,,
708,MB1KACHD7KAJJ8826,,N,N,,
709,MB1KACHD7KPEJ7992,,N,N,,
710,MB1KACHD7KPEJ8642,,N,N,,
711,MB1KACHD7KPHH2995,,N,N,,
712,MB1KACHD7KPHH4505,,N,N,,
713,MB1KACHD7KPJG2172,,N,N,,
714,MB1KACHD7KPJG5203,,N,N,,
715,MB1KACHD7KPJG6674,,N,N,,
716,MB1KACHD7KPJG9140,,N,N,,
717,MB1KACHD7KPJH0983,,N,N,,
718,MB1KACHD7KRJA3563,,N,N,,
719,MB1KACHD8JPWG2078,,N,N,,
720,MB1KACHD8JRCX8099,,N,N,,
721,MB1KACHD8KPJG7218,,N,N,,
722,MB1KACHD8KPJH1740,,N,N,,
723,MB1KACHD9JEBB2824,,N,N,,
724,MB1KACHD9JPGC2451,,N,N,,
725,MB1KACHD9JPYF2875,,N,N,,
726,MB1KACHD9JRFW5581,,N,N,,
727,MB1KACHD9KPJF8057,,N,N,,
728,MB1KACHDXJAGH5663,,N,N,,
729,MB1KACHDXJEFA3934,,N,N,,
730,MB1KACHDXJEXC1594,,N,N,,
731,MB1KACHDXJPAE7633,,N,N,,
732,MB1KACHDXJPYF2352,,N,N,,
733,MB1KACHDXJRGW2952,,N,N,,
734,MB1KACHDXKEHD0431,,N,N,,
735,MB1KAKHD0JPBE2499,,N,N,,
736,MB1KAKHD5JPBE3454,,N,N,,
737,MB1KAKHD8JPCD9000,,N,N,,
738,MB1KAKHD9JPEC9937,,N,N,,
739,MB1KAKHDXJRAY8461,,N,N,,
740,MB1KAVHD9KPJG7787,,N,N,,
741,MB1NACHD0JPHB6702,,N,N,,
742,MB1NACHD1JPHB4618,,N,N,,
743,MB1NACHD2JPGB8660,,N,N,,
744,MB1NACHD2JPGB8917,,N,N,,
745,MB1NACHD3JAHH4791,,N,N,,
746,MB1NACHD3JEGA0146,,N,N,,
747,MB1NACHD4JPHB4838,,N,N,,
748,MB1NACHD4JPHB5018,,N,N,,
749,MB1NACHD5JAHH3951,,N,N,,
750,MB1NACHD5JAHH4551,,N,N,,
751,MB1NACHD5JAHH4890,,N,N,,
752,MB1NACHD5JPGB8443,,N,N,,
753,MB1NACHD5JPGC0676,,N,N,,
754,MB1NACHD6HRJV3106,,N,N,,
755,MB1NACHD7HPVA9344,,N,N,,
756,MB1NACHD7JEHZ8668,,N,N,,
757,MB1NACHD8JEGA1437,,N,N,,
758,MB1NACHD9JEGA0541,,N,N,,
759,MB1NACHD9JPHB3913,,N,N,,
760,MB1NACHD9JPHB4432,,N,N,,
761,MB1NACHD9JPHB6441,,N,N,,
762,MB1NACHDXJEHZ8826,,N,N,,
763,MB1NACHDXJPHB4861,,N,N,,
764,MB1TLCHD1JEHZ7534,,N,N,,
765,MB1TLCHD1KEFD4814,,N,N,,
766,MB1TLCHD2JEAB5964,,N,N,,
767,MB1TLCHD2JRYZ3484,,N,N,,
768,MB1TLCHD3JEXC0561,,N,N,,
769,MB1TLCHD3JPFC4112,,N,N,,
770,MB1TLCHD4KPFJ5358,,N,N,,
771,MB1TLCHD7JEFA3677,,N,N,,
772,MB1TLCHD7JEXC0451,,N,N,,
773,MB1TLCHD7KEFD4669,,N,N,,
774,MB1TLCHD7KEFD4901,,N,N,,
775,MB1TLCHD7KEFD5370,,N,N,,
776,MB1TLCHD7KEFD5823,,N,N,,
777,MB1TLCHD8JECB0855,,N,N,,
778,MB1TLCHD8JRGW3743,,N,N,,
779,MB1TLCHD8KAJJ9711,,N,N,,
780,MB1TLCHD8KEFD5250,,N,N,,
781,MB1TLCHD9JAGH6429,,N,N,,
782,MB1TLCHD9JEBB2739,,N,N,,
783,MB1TLCHD9JEYB9367,,N,N,,
784,MB1TLCHD9JPCD8863,,N,N,,
785,MB1TLCHD9JRYZ1439,,N,N,,
786,MB1TLCHD9KRHB0145,,N,N,,
787,MB1TLCHDXJAFH8090,,N,N,,
788,MB1TLCHDXJEFA3155,,N,N,,
789,MB1TLCHDXKAJJ7801,,N,N,,
790,MB1TLDHD0JEHZ9331,,N,N,,
791,MB1TLDHD0JPYF2204,,N,N,,
792,MB1TLDHD1HEJZ6587,,N,N,,
793,MB1TLDHD1KPJF9109,,N,N,,
794,MB1TLDHD2JPFC3622,,N,N,,
795,MB1TLDHD2JPYF3208,,N,N,,
796,MB1TLDHD7JPBE1991,,N,N,,
797,MB1TLDHD7JPYF2961,,N,N,,
798,MB1TLDHD8JPAE5691,,N,N,,
799,MB1TLDHDXJPGC0423,,N,N,,
800,MB1TLDHDXKPJF8458,,N,N,,
801,MB1TLKHD0KPJG6301,,N,N,,
802,MB1TLKHD1JPXF9390,,N,N,,
803,MB1TLKHD1JPYE9722,,N,N,,
804,MB1TLKHD1KPJG6307,,N,N,,
805,MB1TLKHD2JRXZ5047,,N,N,,
806,MB1TLKHD2KPJG7465,,N,N,,
807,MB1TLKHD2KPJH1550,,N,N,,
808,MB1TLKHD3JPFC7845,,N,N,,
809,MB1TLKHD3KPJG6342,,N,N,,
810,MB1TLKHD5JPXG0137,,N,N,,
811,MB1TLKHD5KPFJ5895,,N,N,,
812,MB1TLKHD6KPFJ7056,,N,N,,
813,MB1TLKHD7JRCX7793,,N,N,,
814,MB1TLKHD8JPYF2858,,N,N,,
815,MB1TLKHD8KPHH4103,,N,N,,
816,MB1TLKHD8KPJH1553,,N,N,,
817,MB1TLKHD9JPXF8679,,N,N,,
818,MB1TLKHD9KPHH5552,,N,N,,
819,MB1TLKHD9KPJG7463,,N,N,,
820,MB1TLKHD9KRJA4934,,N,N,,
821,MB1TLKHDXJPYF4773,,N,N,,
822,MB1TLKHDXJRFW9258,,N,N,,
823,MB1TLKHDXJRXZ5863,,N,N,,
824,MB1TLKHDXKRFB9716,,N,N,,
825,MB1TRCHD0JAXJ6087,,N,N,,
826,MB1TRCHD0JPCE0001,,N,N,,
827,MB1TRCHD0JREX1473,,N,N,,
828,MB1TRCHD0KEJC3027,,N,N,,
829,MB1TRCHD1JAFH7179,,N,N,,
830,MB1TRCHD1JAFH7960,,N,N,,
831,MB1TRCHD1JEAB6988,,N,N,,
832,MB1TRCHD1JEBB3494,,N,N,,
833,MB1TRCHD1JEBB4225,,N,N,,
834,MB1TRCHD1JPCE0217,,N,N,,
835,MB1TRCHD1JRHV8627,,N,N,,
836,MB1TRCHD1KRGB5593,,N,N,,
837,MB1TRCHD2JAFH7868,,N,N,,
838,MB1TRCHD2JAFH7871,,N,N,,
839,MB1TRCHD2JAHH4040,,N,N,,
840,MB1TRCHD2JRHV7907,,N,N,,
841,MB1TRCHD3JABJ2343,,N,N,,
842,MB1TRCHD3JPGB9803,,N,N,,
843,MB1TRCHD3JRGW1333,,N,N,,
844,MB1TRCHD3KAJJ9128,,N,N,,
845,MB1TRCHD3KRGB5594,,N,N,,
846,MB1TRCHD4JEBB3831,,N,N,,
847,MB1TRCHD4JEBB4185,,N,N,,
848,MB1TRCHD4JECB0026,,N,N,,
849,MB1TRCHD4JEGA0110,,N,N,,
850,MB1TRCHD4JEYB9985,,N,N,,
851,MB1TRCHD4JPCD9997,,N,N,,
852,MB1TRCHD4KEJC3144,,N,N,,
853,MB1TRCHD5JAEH9000,,N,N,,
854,MB1TRCHD5JEAB6881,,N,N,,
855,MB1TRCHD5JECB0780,,N,N,,
856,MB1TRCHD5JEGA2092,,N,N,,
857,MB1TRCHD6JECB0061,,N,N,,
858,MB1TRCHD6JPCE0083,,N,N,,
859,MB1TRCHD6JPCE0214,,N,N,,
860,MB1TRCHD6JPYE9560,,N,N,,
861,MB1TRCHD7JEAB7207,,N,N,,
862,MB1TRCHD7JEBB3399,,N,N,,
863,MB1TRCHD7JPCE0089,,N,N,,
864,MB1TRCHD7JRAY7058,,N,N,,
865,MB1TRCHD7JRDX4593,,N,N,,
866,MB1TRCHD7JREX1292,,N,N,,
867,MB1TRCHD7JRXZ4416,,N,N,,
868,MB1TRCHD7KPGJ3346,,N,N,,
869,MB1TRCHD8JADJ1274,,N,N,,
870,MB1TRCHD8JAFH7017,,N,N,,
871,MB1TRCHD8JEAB6454,,N,N,,
872,MB1TRCHD8JEHZ8968,,N,N,,
873,MB1TRCHD8JRAY8493,,N,N,,
874,MB1TRCHD8KEJC3146,,N,N,,
875,MB1TRCHD8KPGJ2836,,N,N,,
876,MB1TRCHD9JEYB8637,,N,N,,
877,MB1TRCHD9JEYB9898,,N,N,,
878,MB1TRCHD9JEYB9996,,N,N,,
879,MB1TRCHD9JEYC0159,,N,N,,
880,MB1TRCHD9JRGW3913,,N,N,,
881,MB1TRCHD9KEFD5644,,N,N,,
882,MB1TRCHD9KEJC3026,,N,N,,
883,MB1TRCHDXJAXJ6274,,N,N,,
884,MB1TRCHDXJEBB3459,,N,N,,
885,MB1TRCHDXJEFA3011,,N,N,,
886,MB1TRCHDXJEGA0113,,N,N,,
887,MB1TRCHDXJPAE9475,,N,N,,
888,MB1TRCHDXJPBE1797,,N,N,,
889,MB1TRCHDXJPCE0006,,N,N,,
890,MB1TRCHDXJRAY8334,,N,N,,
891,MB1TRDHD0JPGC0333,,N,N,,
892,MB1TRDHD0JPGC1241,,N,N,,
893,MB1TRDHD0JPHB6298,,N,N,,
894,MB1TRDHD0KPJG1013,,N,N,,
895,MB1TRDHD1JPHB6293,,N,N,,
896,MB1TRDHD1JPXF6810,,N,N,,
897,MB1TRDHD1JPYF2680,,N,N,,
898,MB1TRDHD1JPYF4509,,N,N,,
899,MB1TRDHD1KPJG1022,,N,N,,
900,MB1TRDHD3JPYF2454,,N,N,,
901,MB1TRDHD3JPYF5175,,N,N,,
902,MB1TRDHD4JPFC7489,,N,N,,
903,MB1TRDHD5JPFC6903,,N,N,,
904,MB1TRDHD5JPFC6934,,N,N,,
905,MB1TRDHD5JPYF2570,,N,N,,
906,MB1TRDHD5KPHH4411,,N,N,,
907,MB1TRDHD6JPGB8893,,N,N,,
908,MB1TRDHD6JPHB6970,,N,N,,
909,MB1TRDHD6JPYF0858,,N,N,,
910,MB1TRDHD6KPJF8021,,N,N,,
911,MB1TRDHD7JPBE3660,,N,N,,
912,MB1TRDHD7JPGC1611,,N,N,,
913,MB1TRDHD8JPFC8113,,N,N,,
914,MB1TRDHD8JPYF4541,,N,N,,
915,MB1TRDHD8KPFJ4413,,N,N,,
916,MB1TRDHD8KPJF8330,,N,N,,
917,MB1TRDHD9JPBE3661,,N,N,,
918,MB1TRDHD9JPYF4550,,N,N,,
919,MB1TRDHDXJPCE0707,,N,N,,
920,MB1TRDHDXJPFC6041,,N,N,,
921,MB1TRDHDXJPFC8114,,N,N,,
922,MB1TRDHDXJPGC1179,,N,N,,
923,MB1TRDHDXJPXF8023,,N,N,,
924,MB1TRDHDXJPYF5223,,N,N,,
925,MB1TRDHDXKPCK4741,,N,N,,
926,MB1TRDHDXKPFJ4395,,N,N,,
927,MB1TRDHDXKPHH4405,,N,N,,
928,MB1TRKHD0JPAE6627,,N,N,,
929,MB1TRKHD0JPBE3360,,N,N,,
930,MB1TRKHD0JPCD9599,,N,N,,
931,MB1TRKHD0JPCD9683,,N,N,,
932,MB1TRKHD0JPDD2736,,N,N,,
933,MB1TRKHD0JPFC3573,,N,N,,
934,MB1TRKHD0JPYE9757,,N,N,,
935,MB1TRKHD0JPYE9970,,N,N,,
936,MB1TRKHD0JPYF2271,,N,N,,
937,MB1TRKHD0JPYF3095,,N,N,,
938,MB1TRKHD0JRAY7008,,N,N,,
939,MB1TRKHD0JRYZ3797,,N,N,,
940,MB1TRKHD0KPDK1824,,N,N,,
941,MB1TRKHD0KPDK2987,,N,N,,
942,MB1TRKHD0KPHH3722,,N,N,,
943,MB1TRKHD0KPJG1579,,N,N,,
944,MB1TRKHD0KREC4662,,N,N,,
945,MB1TRKHD0KRGB4851,,N,N,,
946,MB1TRKHD0KRJA0740,,N,N,,
947,MB1TRKHD1JPBE2962,,N,N,,
948,MB1TRKHD1JPBE3772,,N,N,,
949,MB1TRKHD1JPDD4298,,N,N,,
950,MB1TRKHD1JPDD4706,,N,N,,
951,MB1TRKHD1JPDD6035,,N,N,,
952,MB1TRKHD1JPXF5712,,N,N,,
953,MB1TRKHD1JPYE9959,,N,N,,
954,MB1TRKHD1JPYF0383,,N,N,,
955,MB1TRKHD1JRYZ4151,,N,N,,
956,MB1TRKHD1KPHH3910,,N,N,,
957,MB1TRKHD1KPHH5995,,N,N,,
958,MB1TRKHD1KPJG6032,,N,N,,
959,MB1TRKHD2JPAE6628,,N,N,,
960,MB1TRKHD2JPAE7438,,N,N,,
961,MB1TRKHD2JPAE7486,,N,N,,
962,MB1TRKHD2JPBE3103,,N,N,,
963,MB1TRKHD2JPCD8583,,N,N,,
964,MB1TRKHD2JPDD4813,,N,N,,
965,MB1TRKHD2JPDD6125,,N,N,,
966,MB1TRKHD2JPXF7503,,N,N,,
967,MB1TRKHD2JPYF0392,,N,N,,
968,MB1TRKHD2JPYF3292,,N,N,,
969,MB1TRKHD2JPYF3681,,N,N,,
970,MB1TRKHD2KPHH3107,,N,N,,
971,MB1TRKHD3JPAE9330,,N,N,,
972,MB1TRKHD3JPAE9358,,N,N,,
973,MB1TRKHD3JPCD8575,,N,N,,
974,MB1TRKHD3JPDD4030,,N,N,,
975,MB1TRKHD3JPED0031,,N,N,,
976,MB1TRKHD3JPED0515,,N,N,,
977,MB1TRKHD3JPXF8255,,N,N,,
978,MB1TRKHD3JPXF8501,,N,N,,
979,MB1TRKHD3JPYF1762,,N,N,,
980,MB1TRKHD3JPYF2104,,N,N,,
981,MB1TRKHD3JPYF3110,,N,N,,
982,MB1TRKHD3JRYY9341,,N,N,,
983,MB1TRKHD3KPJG8817,,N,N,,
984,MB1TRKHD4JPAE8414,,N,N,,
985,MB1TRKHD4JPDD6031,,N,N,,
986,MB1TRKHD4JPDD7437,,N,N,,
987,MB1TRKHD4JPED2144,,N,N,,
988,MB1TRKHD4JPXF7518,,N,N,,
989,MB1TRKHD4JPYF0927,,N,N,,
990,MB1TRKHD4JPYF1804,,N,N,,
991,MB1TRKHD4JRYZ3852,,N,N,,
992,MB1TRKHD4KPHH3710,,N,N,,
993,MB1TRKHD4KRJA7125,,N,N,,
994,MB1TRKHD5JPBE3676,,N,N,,
995,MB1TRKHD5JPCD9744,,N,N,,
996,MB1TRKHD5JPDD4708,,N,N,,
997,MB1TRKHD5JPDD5101,,N,N,,
998,MB1TRKHD5JPDD7690,,N,N,,
999,MB1TRKHD5JPED0032,,N,N,,
1000,MB1TRKHD5JPED1309,,N,N,,
1001,MB1TRKHD5JPXF5700,,N,N,,
1002,MB1TRKHD5JPYF0211,,N,N,,
1003,MB1TRKHD5JPYF0922,,N,N,,
1004,MB1TRKHD5JPYF3108,,N,N,,
1005,MB1TRKHD5JRAY8669,,N,N,,
1006,MB1TRKHD5KPHH4171,,N,N,,
1007,MB1TRKHD5KPJG5272,,N,N,,
1008,MB1TRKHD6JPAE7636,,N,N,,
1009,MB1TRKHD6JPAE8463,,N,N,,
1010,MB1TRKHD6JPAE9323,,N,N,,
1011,MB1TRKHD6JPBE1788,,N,N,,
1012,MB1TRKHD6JPBE2956,,N,N,,
1013,MB1TRKHD6JPBE2973,,N,N,,
1014,MB1TRKHD6JPBE3704,,N,N,,
1015,MB1TRKHD6JPBE3959,,N,N,,
1016,MB1TRKHD6JPCD8604,,N,N,,
1017,MB1TRKHD6JPDD4958,,N,N,,
1018,MB1TRKHD6JPDD6127,,N,N,,
1019,MB1TRKHD6JPEC8614,,N,N,,
1020,MB1TRKHD6JPED1142,,N,N,,
1021,MB1TRKHD6JPED1237,,N,N,,
1022,MB1TRKHD6JPYE9777,,N,N,,
1023,MB1TRKHD6JPYF0377,,N,N,,
1024,MB1TRKHD6JRXZ8015,,N,N,,
1025,MB1TRKHD6JRYZ3805,,N,N,,
1026,MB1TRKHD6KPHH3126,,N,N,,
1027,MB1TRKHD6KPHH3322,,N,N,,
1028,MB1TRKHD6KPJG0307,,N,N,,
1029,MB1TRKHD6KPJG9590,,N,N,,
1030,MB1TRKHD7JPCD9602,,N,N,,
1031,MB1TRKHD7JPCD9681,,N,N,,
1032,MB1TRKHD7JPDD4001,,N,N,,
1033,MB1TRKHD7JPDD4614,,N,N,,
1034,MB1TRKHD7JPED0758,,N,N,,
1035,MB1TRKHD7JPYF1800,,N,N,,
1036,MB1TRKHD7JPYF2106,,N,N,,
1037,MB1TRKHD7JRYZ1688,,N,N,,
1038,MB1TRKHD7KPHH5970,,N,N,,
1039,MB1TRKHD8JPAE7475,,N,N,,
1040,MB1TRKHD8JPAE9372,,N,N,,
1041,MB1TRKHD8JPCD7633,,N,N,,
1042,MB1TRKHD8JPDD5822,,N,N,,
1043,MB1TRKHD8JPDD6128,,N,N,,
1044,MB1TRKHD8JPDD7442,,N,N,,
1045,MB1TRKHD8JPYE9960,,N,N,,
1046,MB1TRKHD8JPYE9988,,N,N,,
1047,MB1TRKHD8JPYF3281,,N,N,,
1048,MB1TRKHD8JRYZ1702,,N,N,,
1049,MB1TRKHD8KPFJ6358,,N,N,,
1050,MB1TRKHD8KPHH6884,,N,N,,
1051,MB1TRKHD9JPAE7436,,N,N,,
1052,MB1TRKHD9JPBE2952,,N,N,,
1053,MB1TRKHD9JPCD8614,,N,N,,
1054,MB1TRKHD9JPDD3268,,N,N,,
1055,MB1TRKHD9JPED1135,,N,N,,
1056,MB1TRKHD9JPXF7594,,N,N,,
1057,MB1TRKHD9JPYF1829,,N,N,,
1058,MB1TRKHD9JPYF2673,,N,N,,
1059,MB1TRKHD9JPYF3709,,N,N,,
1060,MB1TRKHD9JRAY6827,,N,N,,
1061,MB1TRKHD9JRAY8674,,N,N,,
1062,MB1TRKHD9KPDK2003,,N,N,,
1063,MB1TRKHD9KPJG2276,,N,N,,
1064,MB1TRKHD9KRHB1188,,N,N,,
1065,MB1TRKHD9KRJA4060,,N,N,,
1066,MB1TRKHDXJPAE7428,,N,N,,
1067,MB1TRKHDXJPCD8878,,N,N,,
1068,MB1TRKHDXJPED1130,,N,N,,
1069,MB1TRKHDXJPXF7524,,N,N,,
1070,MB1TRKHDXJPYF2293,,N,N,,
1071,MB1TRVHD2KPJG4906,,N,N,,
1072,MB1TRVHD2KPJG5070,,N,N,,
1073,MB1TRVHD6KPJG5069,,N,N,,
1074,MB1TRVHD8JPWG4731,,N,N,,
1075,MB1TRVHD9KPJG5017,,N,N,,
1076,MB1UPCHD0JRFW8747,,N,N,,
1077,MB1UPCHD0KRDC8109,,N,N,,
1078,MB1UPCHD2JRXZ4575,,N,N,,
1079,MB1UPCHD2KRGB7394,,N,N,,
1080,MB1UPCHD3KRDC7746,,N,N,,
1081,MB1UPCHD3KREC4672,,N,N,,
1082,MB1UPCHD5JPCE0425,,N,N,,
1083,MB1UPCHD6KPFJ6942,,N,N,,
1084,MB1UPCHD7KRFC2541,,N,N,,
1085,MB1UPCHD8JRXZ4578,,N,N,,
1086,MB1UPCHD8KRGB7819,,N,N,,
1087,MB1UPCHD9KRGB8140,,N,N,,
1088,MB1UPDHD0JPFC7113,,N,N,,
1089,MB1UPDHD0JPYF1160,,N,N,,
1090,MB1UPDHD5JPCD7918,,N,N,,
1091,MB1UPDHD5JPDD6626,,N,N,,
1092,MB1UPDHD6JPED2250,,N,N,,
1093,MB1UPDHD6JPFC5396,,N,N,,
1094,MB1UPDHD8JPGB9165,,N,N,,
1095,MB1UPDHD9JPFC4839,,N,N,,
1096,MB1UPDHDXJPYF3918,,N,N,,
1097,MB1UPDHDXJPYF4826,,N,N,,
1098,MB1UPKHD0JPBE2686,,N,N,,
1099,MB1UPKHD0JPYF0319,,N,N,,
1100,MB1UPKHD0JRYY9601,,N,N,,
1101,MB1UPKHD1JPAE7165,,N,N,,
1102,MB1UPKHD1JPED1768,,N,N,,
1103,MB1UPKHD2JPAE7403,,N,N,,
1104,MB1UPKHD2JPYF3531,,N,N,,
1105,MB1UPKHD3JPAE5580,,N,N,,
1106,MB1UPKHD3JPYF3392,,N,N,,
1107,MB1UPKHD4JPBE3159,,N,N,,
1108,MB1UPKHD5JPDD7229,,N,N,,
1109,MB1UPKHD5JPXG0373,,N,N,,
1110,MB1UPKHD6JPCD7897,,N,N,,
1111,MB1UPKHD6JPDD7269,,N,N,,
1112,MB1UPKHD8JPAE6224,,N,N,,
1113,MB1UPKHD8JPXF8276,,N,N,,
1114,MB1UPKHD9JPXF7153,,N,N,,
1115,MB1UPKHDXJPXF7789,,N,N,,
1116,MB1UPKHDXJPXF7808,,N,N,,
1117,MB1UPKHDXJPXF7811,,N,N,,
1118,MB1WADHD5JPGC0820,,N,N,,
1119,MB1WADHD9JEFA4290,,N,N,,
1120,MB1WADHD9JRFW8228,,N,N,,
1121,MB1TRKHD9JPDD4033,,N,Y,72121.0,
