,vin,1st_prediction_instance_km,Predicted as Failed,Actual Failed,ANN_EGR_KM,Predicted in advance km
0,MB1A3EHD5JADJ1088,86862.6,Y,Y,88633.0,1770.3999999999942
1,MB1A3EHD5JAWJ7589,67466.0,Y,Y,73500.0,6034.0
2,MB1A3EHD8JAYJ5583,82678.1,Y,Y,86200.0,3521.899999999994
3,MB1CTCHD0JEWC3057,40390.1,Y,Y,40538.0,147.90000000000146
4,MB1CTCHD2JPAE5230,78750.6,Y,Y,80760.0,2009.3999999999942
5,MB1CTCHD2JPGC2824,135462.0,Y,Y,147091.0,11629.0
6,MB1CTCHD5JPBE1725,91547.0,Y,Y,102571.0,11024.0
7,MB1CTCHD6JAYJ5210,77921.7,Y,Y,80050.0,2128.300000000003
8,MB1CTCHD7JAXJ5875,90739.0,Y,Y,99650.0,8911.0
9,MB1CTCHD9KPJG5623,32214.5,Y,Y,40150.0,7935.5
10,MB1G3CHD6JECB1522,882.7,Y,Y,1395.0,512.3
11,MB1G3CHDXJEYB9542,200.0,Y,Y,555.0,355.0
12,MB1KACHD0JPCD8414,70580.3,Y,Y,74268.0,3687.699999999997
13,MB1KACHD1JPCD8535,113831.8,Y,Y,126722.0,12890.199999999997
14,MB1KACHD1JPFC7222,60623.9,Y,Y,60882.0,258.09999999999854
15,MB1KACHD2JEAB6825,24361.9,Y,Y,30801.0,6439.0999999999985
16,MB1KACHD3JAGH6461,156487.0,Y,Y,160061.0,3574.0
17,MB1KACHD3JAGH6461,156487.0,Y,Y,165092.0,8605.0
18,MB1KACHD3JEFA4536,75697.9,Y,Y,82282.0,6584.100000000006
19,MB1KACHD3JPGC1778,139514.1,Y,Y,141300.0,1785.8999999999942
20,MB1KACHD3JPWG4126,20160.4,Y,Y,20245.0,84.59999999999854
21,MB1KACHD3JPXF9348,36767.1,Y,Y,40992.0,4224.9000000000015
22,MB1KACHD3JRXZ5825,44062.2,Y,Y,47892.0,3829.800000000003
23,MB1KACHD3KPHH2993,25385.6,Y,Y,37374.0,11988.400000000001
24,MB1KACHD4JPYF4291,52922.4,Y,Y,61514.0,8591.599999999999
25,MB1KACHD5JPED1481,110883.9,Y,Y,131000.0,20116.100000000006
26,MB1KACHD5JPWG5083,55305.7,Y,Y,71180.0,15874.300000000003
27,MB1KACHD5JPXF9416,53104.9,Y,Y,59282.0,6177.0999999999985
28,MB1KACHD5JRXZ8094,47357.4,Y,Y,54045.0,6687.5999999999985
29,MB1KACHD6JAXJ6176,20785.9,Y,Y,22750.0,1964.0999999999985
30,MB1KACHD6JEDA7439,82804.2,Y,Y,90548.0,7743.800000000003
31,MB1KACHD6JEFA3607,152323.4,Y,Y,161065.0,8741.600000000006
32,MB1KACHD6JPHB6044,84249.1,Y,Y,86523.0,2273.899999999994
33,MB1KACHD6KPHH2843,23760.0,Y,Y,24999.0,1239.0
34,MB1KACHD7JAYJ5086,97723.9,Y,Y,102765.0,5041.100000000006
35,MB1KACHD7JPCD9138,35096.2,Y,Y,39943.0,4846.800000000003
36,MB1KACHD7KPJG5203,13695.9,Y,Y,14884.0,1188.1000000000004
37,MB1KACHD7KPJG9140,14640.9,Y,Y,16747.0,2106.1000000000004
38,MB1KACHD7KRJA3563,42992.4,Y,Y,47368.0,4375.5999999999985
39,MB1KACHDXJRGW2952,87916.9,Y,Y,95082.0,7165.100000000006
40,MB1KACHDXKEHD0431,43650.0,Y,Y,45631.0,1981.0
41,MB1KAKHD9JPEC9937,59502.3,Y,Y,68940.0,9437.699999999997
42,MB1NACHD1JPHB4618,78215.4,Y,Y,80241.0,2025.6000000000058
43,MB1NACHD3JPHB6967,77118.6,Y,Y,85950.0,8831.399999999994
44,MB1NACHD3JRHV9259,102687.9,Y,Y,104174.0,1486.1000000000058
45,MB1NACHD5JAHH4551,100532.5,Y,Y,104278.0,3745.5
46,MB1NACHD5JPHB4220,155757.3,Y,Y,172508.0,16750.70000000001
47,MB1NACHD8JAFH7129,71281.6,Y,Y,81324.0,10042.399999999994
48,MB1NACHD9JPHB6441,127406.3,Y,Y,134404.0,6997.699999999997
49,MB1NACHDXJRHV9694,139061.4,Y,Y,152400.0,13338.600000000006
50,MB1TLCHD2JEAB5964,33831.8,Y,Y,35556.0,1724.199999999997
51,MB1TLDHD9JPHB5149,66103.0,Y,Y,72626.0,6523.0
52,MB1TLKHD9KPHH5552,41058.8,Y,Y,42529.0,1470.199999999997
53,MB1TRCHD0JREX1473,52837.7,Y,Y,54843.0,2005.300000000003
54,MB1TRCHD5JEGA2092,11675.4,Y,Y,13397.0,1721.6000000000004
55,MB1TRKHD0JPCD9599,69005.1,Y,Y,77733.0,8727.899999999994
56,MB1TRKHD0JPCD9683,30411.6,Y,Y,31540.0,1128.4000000000015
57,MB1TRKHD1JPXF5712,38968.4,Y,Y,40876.0,1907.5999999999985
58,MB1TRKHD2JPED0974,59278.9,Y,Y,61285.0,2006.0999999999985
59,MB1TRKHD3JPXF8501,32327.6,Y,Y,34500.0,2172.4000000000015
60,MB1TRKHD3JPYF3706,37897.5,Y,Y,39836.0,1938.5
61,MB1TRKHD4JPAE8428,45508.5,Y,Y,50300.0,4791.5
62,MB1TRKHD4JPDD5817,64111.5,Y,Y,71866.0,7754.5
63,MB1TRKHD4JRYZ3852,33644.1,Y,Y,40991.0,7346.9000000000015
64,MB1TRKHD6JPDD4958,59248.5,Y,Y,67940.0,8691.5
65,MB1TRKHD7JPCD9681,63209.6,Y,Y,65975.0,2765.4000000000015
66,MB1TRKHD7JPYF1571,59036.9,Y,Y,66182.0,7145.0999999999985
67,MB1TRKHDXJPCD8878,49131.0,Y,Y,54210.0,5079.0
68,MB1UPDHD0JPYF1160,81340.0,Y,Y,87362.0,6022.0
69,MB1UPKHD1JPYF2094,126590.8,Y,Y,141223.0,14632.199999999997
70,MB1UPKHD3JPDD3521,72498.3,Y,Y,79209.0,6710.699999999997
71,MB1UPKHD6JPAE5993,49355.5,Y,Y,51200.0,1844.5
72,MB1UPKHD9JPBE3299,42652.8,Y,Y,50667.0,8014.199999999997
73,MB1UPKHD9JPDD7217,85484.4,Y,Y,86006.0,521.6000000000058
74,MB1UPKHD9JPDD7217,85484.4,Y,Y,94399.0,8914.600000000006
75,MB1UPKHD9JPDD7217,85484.4,Y,Y,97590.0,12105.600000000006
76,MB1UPKHDXJPXF7789,51017.9,Y,Y,52900.0,1882.0999999999985
77,MB1A3CHD0KPHH2911,23761.4,Y,N,,
78,MB1A3CHD2KPHH3803,39547.8,Y,N,,
79,MB1A3CHD3JPED0741,52068.8,Y,N,,
80,MB1A3CHD3JRYZ0598,27688.2,Y,N,,
81,MB1A3CHD4JEXC2438,108088.9,Y,N,,
82,MB1A3CHD4KPHH3026,30718.3,Y,N,,
83,MB1A3CHD5HAJH3396,1149.0,Y,N,,
84,MB1A3CHD7JRYZ3634,36969.6,Y,N,,
85,MB1A3CHD9JADJ0093,70751.5,Y,N,,
86,MB1A3CHD9JPED0310,54075.9,Y,N,,
87,MB1A3CHD9JPHB4827,82579.8,Y,N,,
88,MB1A3EHD1JABJ2636,194359.3,Y,N,,
89,MB1A3EHD2JEFA4416,135052.1,Y,N,,
90,MB1A3EHD3JADJ0747,143029.4,Y,N,,
91,MB1A3EHD3JAYJ4566,93529.4,Y,N,,
92,MB1A3EHD3JPAE6003,53269.3,Y,N,,
93,MB1A3EHD5JEYB9627,137082.5,Y,N,,
94,MB1A3EHD7JEWC3656,56197.2,Y,N,,
95,MB1A3EHD7JPAE9387,75032.3,Y,N,,
96,MB1A3EHD8JAFH8169,54305.0,Y,N,,
97,MB1A3EHD8JAHH5116,33121.3,Y,N,,
98,MB1A3EHD9JPCD8591,176590.2,Y,N,,
99,MB1A3EHD9JPGB8966,126852.6,Y,N,,
100,MB1A3EHDXJAXJ6411,57669.6,Y,N,,
101,MB1A3EHDXJAYJ5178,77463.8,Y,N,,
102,MB1A3EHDXJEFA3076,107977.6,Y,N,,
103,MB1A3EHDXKAGK1545,24859.2,Y,N,,
104,MB1CTCHD0JPEC9720,223748.9,Y,N,,
105,MB1CTCHD0JPGB9999,123677.1,Y,N,,
106,MB1CTCHD1JAGH6523,121459.3,Y,N,,
107,MB1CTCHD1JPFC3279,137483.0,Y,N,,
108,MB1CTCHD2JAWJ7613,27658.6,Y,N,,
109,MB1CTCHD2JPAE5101,52975.0,Y,N,,
110,MB1CTCHD2JPAE5227,63762.6,Y,N,,
111,MB1CTCHD2JPEC9167,239854.0,Y,N,,
112,MB1CTCHD2JPHB6721,95609.8,Y,N,,
113,MB1CTCHD2KPHH7424,12727.9,Y,N,,
114,MB1CTCHD3JAYJ5567,107659.0,Y,N,,
115,MB1CTCHD3JPHB7294,2806.6,Y,N,,
116,MB1CTCHD4JPAE5231,76538.8,Y,N,,
117,MB1CTCHD4KPHH3942,34503.0,Y,N,,
118,MB1CTCHD5JAEH8673,117370.5,Y,N,,
119,MB1CTCHD5JAEH9371,85011.9,Y,N,,
120,MB1CTCHD5JPAE5366,118323.2,Y,N,,
121,MB1CTCHD5JPDD5302,162701.7,Y,N,,
122,MB1CTCHD5JPEC9163,134020.3,Y,N,,
123,MB1CTCHD5JPGC0002,74050.8,Y,N,,
124,MB1CTCHD5JPHB5983,122551.3,Y,N,,
125,MB1CTCHD5JPWG2988,72528.8,Y,N,,
126,MB1CTCHD6JAYJ5045,78900.3,Y,N,,
127,MB1CTCHD6JPCE0151,83444.3,Y,N,,
128,MB1CTCHD6JPEC8782,230825.3,Y,N,,
129,MB1CTCHD6JPGC0865,116403.8,Y,N,,
130,MB1CTCHD6JPXF8340,68962.9,Y,N,,
131,MB1CTCHD6KPHH3506,50169.1,Y,N,,
132,MB1CTCHD7JAAJ3249,107100.3,Y,N,,
133,MB1CTCHD7JAEH9534,70778.4,Y,N,,
134,MB1CTCHD7JAGH5506,106360.2,Y,N,,
135,MB1CTCHD7JAXJ6492,77138.9,Y,N,,
136,MB1CTCHD7JAYJ5619,74187.8,Y,N,,
137,MB1CTCHD7JEBB3176,40920.7,Y,N,,
138,MB1CTCHD7JEBB5025,106917.4,Y,N,,
139,MB1CTCHD7JEHZ7795,159086.5,Y,N,,
140,MB1CTCHD7JPBE1483,172835.1,Y,N,,
141,MB1CTCHD7JPDD5284,154414.4,Y,N,,
142,MB1CTCHD7JRHV5037,104135.1,Y,N,,
143,MB1CTCHD7KPJH1176,38287.1,Y,N,,
144,MB1CTCHD8JAFH7374,96800.7,Y,N,,
145,MB1CTCHD8JAYJ5161,86845.0,Y,N,,
146,MB1CTCHD8JEBB3106,45444.5,Y,N,,
147,MB1CTCHD8JEYB9327,62560.3,Y,N,,
148,MB1CTCHD8JPBE2867,63497.0,Y,N,,
149,MB1CTCHD8JPCD7879,102225.2,Y,N,,
150,MB1CTCHD8JPWG3178,66587.8,Y,N,,
151,MB1CTCHD8JPWG3553,50238.4,Y,N,,
152,MB1CTCHD8KPJH0165,47781.9,Y,N,,
153,MB1CTCHD9JADJ1253,97986.0,Y,N,,
154,MB1CTCHD9JEAB5881,60855.1,Y,N,,
155,MB1CTCHD9JPFC7628,125514.2,Y,N,,
156,MB1CTCHD9JPYE9795,67617.4,Y,N,,
157,MB1CTCHD9KPJG9901,48049.6,Y,N,,
158,MB1CTCHDXJAXJ6132,61335.2,Y,N,,
159,MB1CTCHDXJPAE5055,106339.3,Y,N,,
160,MB1CTCHDXKPJG6649,49819.0,Y,N,,
161,MB1CTCHDXKPJH0359,49102.7,Y,N,,
162,MB1DTCHD5JRXZ9362,49155.1,Y,N,,
163,MB1G3CHD8JEFA2877,36180.3,Y,N,,
164,MB1G3CHDXJEEA6443,82450.0,Y,N,,
165,MB1G3DHD4JEYB9137,28263.1,Y,N,,
166,MB1G3DHD4JPDD6237,38713.1,Y,N,,
167,MB1G3DHD7JEFA4268,59272.8,Y,N,,
168,MB1HTDHD0JECB1011,33498.3,Y,N,,
169,MB1HTDHD0JEDA9391,98570.7,Y,N,,
170,MB1HTDHD0JPAE5402,34809.6,Y,N,,
171,MB1HTDHD0JRHV7045,48726.5,Y,N,,
172,MB1HTDHD1JEBB4013,23261.9,Y,N,,
173,MB1HTDHD1JEFA2147,116555.7,Y,N,,
174,MB1HTDHD1JREX1477,79100.9,Y,N,,
175,MB1HTDHD2JRAY6574,63591.2,Y,N,,
176,MB1HTDHD2JRDX4692,100092.7,Y,N,,
177,MB1HTDHD3JEBB4322,67379.9,Y,N,,
178,MB1HTDHD3JEYB9442,43844.2,Y,N,,
179,MB1HTDHD3JPFC3568,70957.9,Y,N,,
180,MB1HTDHD3JRBY3301,105484.8,Y,N,,
181,MB1HTDHD4JEEA5735,62515.0,Y,N,,
182,MB1HTDHD4JRAY6575,65688.6,Y,N,,
183,MB1HTDHD4JRDX4709,92830.1,Y,N,,
184,MB1HTDHD4JRDX5777,135817.8,Y,N,,
185,MB1HTDHD5JRDX6128,63746.5,Y,N,,
186,MB1HTDHD6JRAY6223,98700.6,Y,N,,
187,MB1HTDHD6JRDX6395,117786.5,Y,N,,
188,MB1HTDHD7JEBB3495,55958.4,Y,N,,
189,MB1HTDHD7JEBB4310,25058.7,Y,N,,
190,MB1HTDHD7JPCD8808,85223.7,Y,N,,
191,MB1HTDHD9JEAB5441,30492.8,Y,N,,
192,MB1HTDHDXJEAB7134,98678.7,Y,N,,
193,MB1HTDHDXJPCD9029,71303.1,Y,N,,
194,MB1HTDHDXJPED2684,38556.0,Y,N,,
195,MB1HTLHD0JPDD7092,141543.3,Y,N,,
196,MB1HTLHD1JPAE5709,52117.9,Y,N,,
197,MB1HTLHD1JPBE4465,24592.3,Y,N,,
198,MB1HTLHD5JPCD9983,34141.9,Y,N,,
199,MB1HTLHD6JPBE3909,31110.1,Y,N,,
200,MB1JADHD3JRAY6302,31803.1,Y,N,,
201,MB1JADHD3JRAY7269,51069.9,Y,N,,
202,MB1JADHD4JPAE6673,56577.3,Y,N,,
203,MB1JADHD6JPCE0900,41275.5,Y,N,,
204,MB1JADHD7JRCX8550,56508.3,Y,N,,
205,MB1JADHD7JRCY0959,65506.8,Y,N,,
206,MB1JADHD8JPAE5736,93413.4,Y,N,,
207,MB1JADHD8JPAE7468,128103.1,Y,N,,
208,MB1JADHD8JPCE1238,80000.7,Y,N,,
209,MB1JADHD8JPGB9185,103783.9,Y,N,,
210,MB1JADHD8JREX3301,78409.1,Y,N,,
211,MB1JADHD9JPXF9632,84660.7,Y,N,,
212,MB1JADHD9JRBY2094,63108.2,Y,N,,
213,MB1JADHD9JRDX3675,46669.9,Y,N,,
214,MB1KACHD0JAFH8181,10423.8,Y,N,,
215,MB1KACHD0JEBB3487,69074.8,Y,N,,
216,MB1KACHD0JEFA4283,120577.6,Y,N,,
217,MB1KACHD0JEHZ7185,209779.2,Y,N,,
218,MB1KACHD0JPHB7741,89370.8,Y,N,,
219,MB1KACHD0JRGW4144,131530.4,Y,N,,
220,MB1KACHD0JRHV8198,61054.0,Y,N,,
221,MB1KACHD0JRXZ4311,53034.2,Y,N,,
222,MB1KACHD1JAFH8495,80964.4,Y,N,,
223,MB1KACHD1JEHZ6482,35681.3,Y,N,,
224,MB1KACHD1JEXC1483,82855.0,Y,N,,
225,MB1KACHD1JPFC3090,54128.9,Y,N,,
226,MB1KACHD1JPFC5776,84947.8,Y,N,,
227,MB1KACHD1JPGC0502,7137.1,Y,N,,
228,MB1KACHD1JPHB7120,92283.2,Y,N,,
229,MB1KACHD1JPYF0733,89683.1,Y,N,,
230,MB1KACHD1JRAY8273,66509.3,Y,N,,
231,MB1KACHD1JRKA3351,59696.3,Y,N,,
232,MB1KACHD1JRXZ8500,74166.3,Y,N,,
233,MB1KACHD1KAJJ8837,55644.0,Y,N,,
234,MB1KACHD1KPJG2880,27591.4,Y,N,,
235,MB1KACHD1KPJG8873,66678.8,Y,N,,
236,MB1KACHD1KPJH1398,8084.8,Y,N,,
237,MB1KACHD1KRHB1534,22963.7,Y,N,,
238,MB1KACHD1KRJA4384,20690.5,Y,N,,
239,MB1KACHD2JEBB3894,145115.4,Y,N,,
240,MB1KACHD2JPAE7884,43250.2,Y,N,,
241,MB1KACHD2JPBE1781,88694.0,Y,N,,
242,MB1KACHD2JPCD7801,75050.9,Y,N,,
243,MB1KACHD2JPDD4450,63237.2,Y,N,,
244,MB1KACHD2JPDD6781,47515.8,Y,N,,
245,MB1KACHD2JPED1356,84096.1,Y,N,,
246,MB1KACHD2JPGC0492,97955.5,Y,N,,
247,MB1KACHD2JPGC1836,107303.8,Y,N,,
248,MB1KACHD2JPHB6378,90887.8,Y,N,,
249,MB1KACHD2JPYF0739,45799.0,Y,N,,
250,MB1KACHD2JPYF2863,51063.3,Y,N,,
251,MB1KACHD2JRDX3726,118790.2,Y,N,,
252,MB1KACHD2JRHV8185,70467.7,Y,N,,
253,MB1KACHD2JRHV9532,161038.6,Y,N,,
254,MB1KACHD2JRYY9694,72196.6,Y,N,,
255,MB1KACHD2KEJC5557,44072.3,Y,N,,
256,MB1KACHD2KEJC6756,51503.3,Y,N,,
257,MB1KACHD2KEJC7681,48224.5,Y,N,,
258,MB1KACHD2KPJG5724,24065.6,Y,N,,
259,MB1KACHD2KPJG6324,45480.0,Y,N,,
260,MB1KACHD2KPJG8459,42579.1,Y,N,,
261,MB1KACHD2KPJH1149,47092.8,Y,N,,
262,MB1KACHD3JAAJ4223,56624.3,Y,N,,
263,MB1KACHD3JAFH7431,76924.5,Y,N,,
264,MB1KACHD3JAGH5665,43612.0,Y,N,,
265,MB1KACHD3JEFA3256,154333.0,Y,N,,
266,MB1KACHD3JEFA3760,89578.0,Y,N,,
267,MB1KACHD3JEFA4035,16696.4,Y,N,,
268,MB1KACHD3JEGA1378,135361.6,Y,N,,
269,MB1KACHD3JEGA1672,96038.5,Y,N,,
270,MB1KACHD3JEYB8863,55728.2,Y,N,,
271,MB1KACHD3JEYC0032,49288.1,Y,N,,
272,MB1KACHD3JPDD4411,62065.6,Y,N,,
273,MB1KACHD3JPDD5199,109564.1,Y,N,,
274,MB1KACHD3JPEC9096,9435.6,Y,N,,
275,MB1KACHD3JPED0653,97431.7,Y,N,,
276,MB1KACHD3JPGB8704,73724.6,Y,N,,
277,MB1KACHD3JPGB9559,12384.1,Y,N,,
278,MB1KACHD3JPHB3750,26928.1,Y,N,,
279,MB1KACHD3JPXG0273,59330.6,Y,N,,
280,MB1KACHD3JPYF1172,47282.0,Y,N,,
281,MB1KACHD3JRAY7593,65701.5,Y,N,,
282,MB1KACHD3JRDX5002,107575.0,Y,N,,
283,MB1KACHD3JRGV9973,62091.8,Y,N,,
284,MB1KACHD3JRGW4140,8191.8,Y,N,,
285,MB1KACHD3KPJG8552,30426.6,Y,N,,
286,MB1KACHD4JEBB2844,91141.5,Y,N,,
287,MB1KACHD4JEEA5711,56258.6,Y,N,,
288,MB1KACHD4JEEA6650,108489.2,Y,N,,
289,MB1KACHD4JEFA3606,61655.8,Y,N,,
290,MB1KACHD4JEYB7737,97015.8,Y,N,,
291,MB1KACHD4JEYB7883,61204.6,Y,N,,
292,MB1KACHD4JEYB7916,57050.1,Y,N,,
293,MB1KACHD4JPAE9040,128745.0,Y,N,,
294,MB1KACHD4JPDD5258,47957.8,Y,N,,
295,MB1KACHD4JPED0984,120784.2,Y,N,,
296,MB1KACHD4JPFC6985,121793.2,Y,N,,
297,MB1KACHD4JPXF5874,44659.4,Y,N,,
298,MB1KACHD4JPYF0970,64366.2,Y,N,,
299,MB1KACHD4JPYF2766,67927.3,Y,N,,
300,MB1KACHD4JRBY2583,88267.3,Y,N,,
301,MB1KACHD4JRWZ9797,47168.4,Y,N,,
302,MB1KACHD4JRWZ9850,46203.2,Y,N,,
303,MB1KACHD4JRXZ5817,45747.9,Y,N,,
304,MB1KACHD4JRYZ2838,74791.8,Y,N,,
305,MB1KACHD4KPJG5370,48494.0,Y,N,,
306,MB1KACHD4KPJG5725,62250.9,Y,N,,
307,MB1KACHD4KPJH0388,23732.2,Y,N,,
308,MB1KACHD5JAHH5380,12586.7,Y,N,,
309,MB1KACHD5JAYJ5393,63290.5,Y,N,,
310,MB1KACHD5JEAB7399,120171.3,Y,N,,
311,MB1KACHD5JECB0202,73544.6,Y,N,,
312,MB1KACHD5JEHZ8140,17883.3,Y,N,,
313,MB1KACHD5JEWC2987,57264.9,Y,N,,
314,MB1KACHD5JEXC0885,62831.5,Y,N,,
315,MB1KACHD5JEXC1387,63041.9,Y,N,,
316,MB1KACHD5JEXC1504,46113.7,Y,N,,
317,MB1KACHD5JEYB7665,48221.6,Y,N,,
318,MB1KACHD5JPBE1449,45838.4,Y,N,,
319,MB1KACHD5JPBE2522,75171.6,Y,N,,
320,MB1KACHD5JPBE4285,40659.5,Y,N,,
321,MB1KACHD5JPBE4674,59167.5,Y,N,,
322,MB1KACHD5JPED1593,81759.8,Y,N,,
323,MB1KACHD5JPGC2656,179461.7,Y,N,,
324,MB1KACHD5JPXF7617,46975.2,Y,N,,
325,MB1KACHD5JPXF8993,50507.0,Y,N,,
326,MB1KACHD5JPXF9657,53736.9,Y,N,,
327,MB1KACHD5JPYF1092,70528.0,Y,N,,
328,MB1KACHD5JPYF1948,96005.6,Y,N,,
329,MB1KACHD5JPYF3084,56775.5,Y,N,,
330,MB1KACHD5JRAY8924,87692.4,Y,N,,
331,MB1KACHD5JRDX4059,56297.5,Y,N,,
332,MB1KACHD5JRDX5003,74011.0,Y,N,,
333,MB1KACHD5JRFW9000,52852.7,Y,N,,
334,MB1KACHD5JRYZ1875,28621.1,Y,N,,
335,MB1KACHD5JRYZ2816,73524.3,Y,N,,
336,MB1KACHD5KAJJ8825,64409.1,Y,N,,
337,MB1KACHD5KEJC5889,36262.8,Y,N,,
338,MB1KACHD6JADJ0952,141504.3,Y,N,,
339,MB1KACHD6JAFH7441,46293.3,Y,N,,
340,MB1KACHD6JAFH8492,82659.6,Y,N,,
341,MB1KACHD6JEEA5242,184731.3,Y,N,,
342,MB1KACHD6JEYB7934,45747.5,Y,N,,
343,MB1KACHD6JPCE1088,55405.6,Y,N,,
344,MB1KACHD6JPDD3575,70869.3,Y,N,,
345,MB1KACHD6JPDD5391,62955.7,Y,N,,
346,MB1KACHD6JPFC2081,69566.1,Y,N,,
347,MB1KACHD6JPFC6437,83112.8,Y,N,,
348,MB1KACHD6JPWG4332,51261.6,Y,N,,
349,MB1KACHD6JPWG5027,20996.4,Y,N,,
350,MB1KACHD6JPXF6606,32244.6,Y,N,,
351,MB1KACHD6JPXF7979,5678.2,Y,N,,
352,MB1KACHD6JPYF4194,38721.5,Y,N,,
353,MB1KACHD6JPYF4275,77153.2,Y,N,,
354,MB1KACHD6JPYF4308,63363.2,Y,N,,
355,MB1KACHD6JRGW3015,83679.7,Y,N,,
356,MB1KACHD6JRXZ8508,95828.6,Y,N,,
357,MB1KACHD6JRYZ2811,83990.7,Y,N,,
358,MB1KACHD6JRYZ2839,60717.8,Y,N,,
359,MB1KACHD6KPJG8531,62383.0,Y,N,,
360,MB1KACHD7JAFH7741,4727.5,Y,N,,
361,MB1KACHD7JEAB5802,98859.6,Y,N,,
362,MB1KACHD7JEBB3129,117432.6,Y,N,,
363,MB1KACHD7JPBE2408,75605.8,Y,N,,
364,MB1KACHD7JPBE3199,58298.9,Y,N,,
365,MB1KACHD7JPDD3049,46471.5,Y,N,,
366,MB1KACHD7JPDD5254,52595.3,Y,N,,
367,MB1KACHD7JPED0994,122262.9,Y,N,,
368,MB1KACHD7JPHB6733,58689.5,Y,N,,
369,MB1KACHD7JPWG3724,36977.9,Y,N,,
370,MB1KACHD7JPXF9403,49356.3,Y,N,,
371,MB1KACHD7JPYF2440,72158.7,Y,N,,
372,MB1KACHD7JRAY7600,69311.1,Y,N,,
373,MB1KACHD7JRFW7040,124180.7,Y,N,,
374,MB1KACHD7JRHV7632,73096.7,Y,N,,
375,MB1KACHD7JRXZ5150,51112.1,Y,N,,
376,MB1KACHD7KAJJ8826,40698.9,Y,N,,
377,MB1KACHD7KPEJ8642,9954.6,Y,N,,
378,MB1KACHD7KPJG6674,37650.0,Y,N,,
379,MB1KACHD8JAEH8572,76023.8,Y,N,,
380,MB1KACHD8JEBB2586,92995.2,Y,N,,
381,MB1KACHD8JPWG2078,49754.2,Y,N,,
382,MB1KACHD8KPJG7218,30108.2,Y,N,,
383,MB1KACHD8KPJH1740,47273.4,Y,N,,
384,MB1KACHD9JEAB6935,76290.7,Y,N,,
385,MB1KACHD9JPGC2191,177611.4,Y,N,,
386,MB1KACHD9JPYF2875,25680.7,Y,N,,
387,MB1KACHD9JRFW5581,54425.7,Y,N,,
388,MB1KACHD9KPJF8057,41610.3,Y,N,,
389,MB1KACHDXJAGH5663,65698.9,Y,N,,
390,MB1KACHDXJEFA3934,68800.4,Y,N,,
391,MB1KACHDXJEXC1594,12556.8,Y,N,,
392,MB1KACHDXJPAE7633,23792.4,Y,N,,
393,MB1KACHDXJPDD7709,91927.9,Y,N,,
394,MB1KAKHD5JPBE3454,54353.7,Y,N,,
395,MB1KAKHD6JPAE6831,51792.5,Y,N,,
396,MB1KAKHD8JPCD9000,57994.4,Y,N,,
397,MB1KAVHD9KPJG7787,16538.3,Y,N,,
398,MB1KAVHDXHPXA0898,8508.1,Y,N,,
399,MB1NACHD2JAFH7143,89539.3,Y,N,,
400,MB1NACHD2JEGA0140,62317.2,Y,N,,
401,MB1NACHD2JPGB8660,54694.7,Y,N,,
402,MB1NACHD2JPGB8917,69106.1,Y,N,,
403,MB1NACHD3JAHH4791,55371.1,Y,N,,
404,MB1NACHD3JPHB6743,55413.7,Y,N,,
405,MB1NACHD4JPHB4838,86566.0,Y,N,,
406,MB1NACHD4JPHB5018,4199.4,Y,N,,
407,MB1NACHD5JAHH3951,55701.5,Y,N,,
408,MB1NACHD5JPGB8443,36092.0,Y,N,,
409,MB1NACHD5JPGC0676,89753.3,Y,N,,
410,MB1NACHD6HRJV3106,147454.0,Y,N,,
411,MB1NACHD6JPHB3772,137861.5,Y,N,,
412,MB1NACHD7HPVA9344,75103.7,Y,N,,
413,MB1NACHD7JAHH4387,122051.9,Y,N,,
414,MB1NACHD7JAHH4941,1949.1,Y,N,,
415,MB1NACHD7JEHZ8668,65339.4,Y,N,,
416,MB1NACHD7JPHB6518,65301.0,Y,N,,
417,MB1NACHD7JPHB7233,43653.1,Y,N,,
418,MB1NACHD9JEGA0541,100695.2,Y,N,,
419,MB1NACHD9JPHB3913,86209.0,Y,N,,
420,MB1NACHD9JPHB4432,79485.6,Y,N,,
421,MB1NACHD9JRHV6415,117119.6,Y,N,,
422,MB1TLCHD1JEHZ7534,44334.4,Y,N,,
423,MB1TLCHD1JPFC3850,114734.4,Y,N,,
424,MB1TLCHD2JRYZ3484,42042.3,Y,N,,
425,MB1TLCHD7JAGH7000,84404.0,Y,N,,
426,MB1TLCHD7JEFA3677,76411.6,Y,N,,
427,MB1TLCHD7JEXC0451,34330.4,Y,N,,
428,MB1TLCHD7JPFC4114,69867.5,Y,N,,
429,MB1TLCHD7JRDX3963,43492.1,Y,N,,
430,MB1TLCHD8JECB0855,65439.9,Y,N,,
431,MB1TLCHD8JRGW3743,84652.0,Y,N,,
432,MB1TLCHD8KAJJ9711,37203.2,Y,N,,
433,MB1TLCHD9JRYZ1439,64244.3,Y,N,,
434,MB1TLCHD9KRHB0145,26306.7,Y,N,,
435,MB1TLCHDXKAJJ7801,27759.6,Y,N,,
436,MB1TLDHD0JPHB4441,76074.1,Y,N,,
437,MB1TLDHD1KPJF9109,25178.4,Y,N,,
438,MB1TLDHD2JPHB5025,51344.3,Y,N,,
439,MB1TLDHD4JECB0468,49589.8,Y,N,,
440,MB1TLDHD4JPCD9232,32556.8,Y,N,,
441,MB1TLDHD7JPBE1991,42666.0,Y,N,,
442,MB1TLDHD8JPAE5691,16871.1,Y,N,,
443,MB1TLDHDXJPCD9719,92818.2,Y,N,,
444,MB1TLKHD0KPJG6301,27349.5,Y,N,,
445,MB1TLKHD1KPJG6307,26632.1,Y,N,,
446,MB1TLKHD5KPFJ5895,23433.2,Y,N,,
447,MB1TLKHD7JPXF5490,49933.5,Y,N,,
448,MB1TLKHD7JRCX7793,49270.3,Y,N,,
449,MB1TLKHDXJPEC9475,71113.1,Y,N,,
450,MB1TLKHDXJPYF4773,38853.5,Y,N,,
451,MB1TLKHDXJRFW9258,29927.9,Y,N,,
452,MB1TRCHD0JAXJ6087,63742.5,Y,N,,
453,MB1TRCHD0JPCE0001,48725.1,Y,N,,
454,MB1TRCHD1JAFH7179,45478.8,Y,N,,
455,MB1TRCHD1JAFH7960,73117.5,Y,N,,
456,MB1TRCHD1JEAB6988,24553.3,Y,N,,
457,MB1TRCHD1JEBB4225,44968.7,Y,N,,
458,MB1TRCHD1JPCE0217,44030.8,Y,N,,
459,MB1TRCHD1JRHV8627,94083.3,Y,N,,
460,MB1TRCHD2JAFH7868,41380.9,Y,N,,
461,MB1TRCHD2JAHH4040,68181.0,Y,N,,
462,MB1TRCHD2JRHV7907,73875.7,Y,N,,
463,MB1TRCHD2JRYY9966,51267.4,Y,N,,
464,MB1TRCHD3JABJ2343,79967.5,Y,N,,
465,MB1TRCHD3JPGB9803,1801.6,Y,N,,
466,MB1TRCHD3JRGW1333,60457.1,Y,N,,
467,MB1TRCHD3KAJJ9128,23898.6,Y,N,,
468,MB1TRCHD4JECB0026,43116.0,Y,N,,
469,MB1TRCHD4JEGA0110,45458.9,Y,N,,
470,MB1TRCHD4JPCD9997,51563.1,Y,N,,
471,MB1TRCHD6JAHH5062,96818.4,Y,N,,
472,MB1TRCHD6JECB0061,45030.4,Y,N,,
473,MB1TRCHD6JPCE0083,44887.8,Y,N,,
474,MB1TRCHD6JPYE9560,32570.7,Y,N,,
475,MB1TRCHD7JEAB6882,57107.7,Y,N,,
476,MB1TRCHD7JRAY7058,41167.5,Y,N,,
477,MB1TRCHD7JRDX4593,62864.2,Y,N,,
478,MB1TRCHD7JREX1292,53924.3,Y,N,,
479,MB1TRCHD8JADJ1274,46647.5,Y,N,,
480,MB1TRCHD8JAFH7017,71345.4,Y,N,,
481,MB1TRCHD8JEHZ8968,43739.3,Y,N,,
482,MB1TRCHD8JRAY8493,29617.7,Y,N,,
483,MB1TRCHD8KEJC3146,24718.9,Y,N,,
484,MB1TRCHD9JEYB9898,54998.7,Y,N,,
485,MB1TRCHD9JEYC0159,19669.7,Y,N,,
486,MB1TRCHD9JRDX3980,47876.6,Y,N,,
487,MB1TRCHD9JRGW3913,56330.3,Y,N,,
488,MB1TRCHDXJAFH7018,120593.8,Y,N,,
489,MB1TRCHDXJEBB3459,31135.2,Y,N,,
490,MB1TRCHDXJEFA3011,4162.4,Y,N,,
491,MB1TRCHDXJPCE0006,60754.4,Y,N,,
492,MB1TRCHDXJRAY8334,51914.7,Y,N,,
493,MB1TRDHD0JPGC1076,153181.1,Y,N,,
494,MB1TRDHD0JPGC1241,64672.3,Y,N,,
495,MB1TRDHD0JPHB6298,92192.7,Y,N,,
496,MB1TRDHD0KPJG1013,42342.2,Y,N,,
497,MB1TRDHD0KPJG5661,52611.2,Y,N,,
498,MB1TRDHD1JPHB6293,78857.7,Y,N,,
499,MB1TRDHD1JPYF2680,61613.6,Y,N,,
500,MB1TRDHD1JPYF4509,28949.1,Y,N,,
501,MB1TRDHD1KPJG1022,47218.7,Y,N,,
502,MB1TRDHD2JPGC1242,68530.0,Y,N,,
503,MB1TRDHD3JPYF2454,43612.5,Y,N,,
504,MB1TRDHD4JPFC7489,47304.1,Y,N,,
505,MB1TRDHD5KPHH4411,49605.0,Y,N,,
506,MB1TRDHD6JPGB8893,85960.3,Y,N,,
507,MB1TRDHD6JPHB6970,53179.5,Y,N,,
508,MB1TRDHD6JPYF0858,52567.2,Y,N,,
509,MB1TRDHD7JPBE3660,38351.6,Y,N,,
510,MB1TRDHD7JPGC1611,60857.7,Y,N,,
511,MB1TRDHD8JPFC8113,54734.1,Y,N,,
512,MB1TRDHD8JPHB6971,5180.3,Y,N,,
513,MB1TRDHD8JPYF4541,60031.7,Y,N,,
514,MB1TRDHD8KPJF8330,50369.0,Y,N,,
515,MB1TRDHD9JPBE3661,29640.0,Y,N,,
516,MB1TRDHDXJPFC8114,45191.6,Y,N,,
517,MB1TRDHDXJPGC1179,32050.4,Y,N,,
518,MB1TRDHDXJPYF5223,33437.3,Y,N,,
519,MB1TRKHD0JPBE3097,69757.4,Y,N,,
520,MB1TRKHD0JPBE3777,32469.2,Y,N,,
521,MB1TRKHD0JPCD8579,101791.0,Y,N,,
522,MB1TRKHD0JPDD2736,72035.5,Y,N,,
523,MB1TRKHD0JPFC3573,49144.7,Y,N,,
524,MB1TRKHD0JPYE9757,33237.1,Y,N,,
525,MB1TRKHD0JPYF2271,51866.5,Y,N,,
526,MB1TRKHD0JPYF3095,106874.5,Y,N,,
527,MB1TRKHD0JRAY7008,53789.4,Y,N,,
528,MB1TRKHD0JRYZ3797,27823.4,Y,N,,
529,MB1TRKHD0KPHH3722,16544.7,Y,N,,
530,MB1TRKHD0KPHH3946,38818.1,Y,N,,
531,MB1TRKHD0KPJG1579,36414.9,Y,N,,
532,MB1TRKHD0KREC4662,16580.0,Y,N,,
533,MB1TRKHD1JPAE6782,57977.1,Y,N,,
534,MB1TRKHD1JPAE7978,62592.9,Y,N,,
535,MB1TRKHD1JPAE8113,53709.3,Y,N,,
536,MB1TRKHD1JPBE2962,72168.3,Y,N,,
537,MB1TRKHD1JPBE3772,68783.4,Y,N,,
538,MB1TRKHD1JPDD3264,86368.7,Y,N,,
539,MB1TRKHD1JPDD4298,64761.8,Y,N,,
540,MB1TRKHD1JPDD4706,47560.7,Y,N,,
541,MB1TRKHD1JPDD6035,51838.1,Y,N,,
542,MB1TRKHD1JPED1288,135859.7,Y,N,,
543,MB1TRKHD1JPED1842,84910.2,Y,N,,
544,MB1TRKHD1JPXF5676,60585.1,Y,N,,
545,MB1TRKHD1JPXF6567,111055.3,Y,N,,
546,MB1TRKHD1JPYE9959,36981.6,Y,N,,
547,MB1TRKHD1JRYZ4151,29047.0,Y,N,,
548,MB1TRKHD1KPHH5995,16914.9,Y,N,,
549,MB1TRKHD2JPAE7438,26908.4,Y,N,,
550,MB1TRKHD2JPAE7486,50953.9,Y,N,,
551,MB1TRKHD2JPAE7956,67406.8,Y,N,,
552,MB1TRKHD2JPBE3697,50646.9,Y,N,,
553,MB1TRKHD2JPCD8583,78945.7,Y,N,,
554,MB1TRKHD2JPCD9331,51528.8,Y,N,,
555,MB1TRKHD2JPDD6125,82493.9,Y,N,,
556,MB1TRKHD2JPXF7503,27117.1,Y,N,,
557,MB1TRKHD2JPYF0392,32596.2,Y,N,,
558,MB1TRKHD2KPHH3107,38560.5,Y,N,,
559,MB1TRKHD3JPAE9098,63891.5,Y,N,,
560,MB1TRKHD3JPCD8575,20290.3,Y,N,,
561,MB1TRKHD3JPDD6635,97331.0,Y,N,,
562,MB1TRKHD3JPED0515,80657.3,Y,N,,
563,MB1TRKHD3JPYF1762,38599.4,Y,N,,
564,MB1TRKHD3JPYF2104,31048.7,Y,N,,
565,MB1TRKHD3JPYF3110,33553.9,Y,N,,
566,MB1TRKHD3JRYY9341,84593.1,Y,N,,
567,MB1TRKHD3KPFJ5568,20214.2,Y,N,,
568,MB1TRKHD4JPAE6775,51352.9,Y,N,,
569,MB1TRKHD4JPAE7621,21409.8,Y,N,,
570,MB1TRKHD4JPAE8414,64876.4,Y,N,,
571,MB1TRKHD4JPCD8620,80883.6,Y,N,,
572,MB1TRKHD4JPDD6031,42093.5,Y,N,,
573,MB1TRKHD4JPDD7437,42194.8,Y,N,,
574,MB1TRKHD4JPXF7518,43089.2,Y,N,,
575,MB1TRKHD4JPYF1804,48148.4,Y,N,,
576,MB1TRKHD4JPYF2273,60383.0,Y,N,,
577,MB1TRKHD4KPHH3710,33026.1,Y,N,,
578,MB1TRKHD5JPAE6641,55511.8,Y,N,,
579,MB1TRKHD5JPAE9359,60955.3,Y,N,,
580,MB1TRKHD5JPCD9744,47235.2,Y,N,,
581,MB1TRKHD5JPED0712,84436.9,Y,N,,
582,MB1TRKHD5JPED1309,131687.7,Y,N,,
583,MB1TRKHD5JPED2184,90997.3,Y,N,,
584,MB1TRKHD5JPXF5700,37198.5,Y,N,,
585,MB1TRKHD5JPXF7611,40570.1,Y,N,,
586,MB1TRKHD5JPYF0211,36148.5,Y,N,,
587,MB1TRKHD5JPYF0922,50311.8,Y,N,,
588,MB1TRKHD5JRAY8669,29864.2,Y,N,,
589,MB1TRKHD5JRAY8672,70194.2,Y,N,,
590,MB1TRKHD5KPHH4171,17121.9,Y,N,,
591,MB1TRKHD5KPJG5272,29455.1,Y,N,,
592,MB1TRKHD6JPAE7636,54559.9,Y,N,,
593,MB1TRKHD6JPAE8463,56167.8,Y,N,,
594,MB1TRKHD6JPAE9323,64315.9,Y,N,,
595,MB1TRKHD6JPBE1788,33122.8,Y,N,,
596,MB1TRKHD6JPBE2956,33592.6,Y,N,,
597,MB1TRKHD6JPBE2973,54731.5,Y,N,,
598,MB1TRKHD6JPBE3704,1404.0,Y,N,,
599,MB1TRKHD6JPBE3959,67597.2,Y,N,,
600,MB1TRKHD6JPCD8604,33727.3,Y,N,,
601,MB1TRKHD6JPDD6127,91678.2,Y,N,,
602,MB1TRKHD6JPEC8614,55500.5,Y,N,,
603,MB1TRKHD6JPED0962,66724.5,Y,N,,
604,MB1TRKHD6JPYE9777,66859.5,Y,N,,
605,MB1TRKHD6JPYE9973,73856.3,Y,N,,
606,MB1TRKHD6JPYF0377,26366.3,Y,N,,
607,MB1TRKHD6JPYF1805,34152.2,Y,N,,
608,MB1TRKHD6JPYF2632,71862.6,Y,N,,
609,MB1TRKHD6JRXZ8015,34460.8,Y,N,,
610,MB1TRKHD6KPHH3126,31445.6,Y,N,,
611,MB1TRKHD6KPHH3322,38653.7,Y,N,,
612,MB1TRKHD7JPBE3355,30983.0,Y,N,,
613,MB1TRKHD7JPBE3548,28309.3,Y,N,,
614,MB1TRKHD7JPBE3551,39769.4,Y,N,,
615,MB1TRKHD7JPCD9602,33131.2,Y,N,,
616,MB1TRKHD7JPDD3446,89078.2,Y,N,,
617,MB1TRKHD7JPDD5813,30732.0,Y,N,,
618,MB1TRKHD7JPED0758,66934.3,Y,N,,
619,MB1TRKHD7JPYF3286,57816.7,Y,N,,
620,MB1TRKHD7JRYZ1688,51239.5,Y,N,,
621,MB1TRKHD8JPAE7475,37434.6,Y,N,,
622,MB1TRKHD8JPBE1517,40961.8,Y,N,,
623,MB1TRKHD8JPDD3438,56806.0,Y,N,,
624,MB1TRKHD8JPDD6128,80569.1,Y,N,,
625,MB1TRKHD8JPXF7523,71865.8,Y,N,,
626,MB1TRKHD8JPYE9960,23550.5,Y,N,,
627,MB1TRKHD8JPYE9988,40623.5,Y,N,,
628,MB1TRKHD8JPYF1871,40237.4,Y,N,,
629,MB1TRKHD8JPYF3281,50521.5,Y,N,,
630,MB1TRKHD8JRYZ1702,28464.4,Y,N,,
631,MB1TRKHD8KPFJ6358,15809.7,Y,N,,
632,MB1TRKHD9JPAE7436,49211.2,Y,N,,
633,MB1TRKHD9JPBE2773,47903.8,Y,N,,
634,MB1TRKHD9JPCD8614,55128.3,Y,N,,
635,MB1TRKHD9JPDD3268,44601.9,Y,N,,
636,MB1TRKHD9JPXF7594,42621.9,Y,N,,
637,MB1TRKHD9JPYF0213,131753.2,Y,N,,
638,MB1TRKHD9JPYF1748,36338.8,Y,N,,
639,MB1TRKHD9JPYF1829,38896.6,Y,N,,
640,MB1TRKHD9JRAY6827,93517.0,Y,N,,
641,MB1TRKHD9JRAY8674,72193.7,Y,N,,
642,MB1TRKHDXJPBE2779,43972.3,Y,N,,
643,MB1TRKHDXJPXF7524,44224.6,Y,N,,
644,MB1TRKHDXJPYF1872,34117.4,Y,N,,
645,MB1TRVHD2KPJG4906,54698.5,Y,N,,
646,MB1TRVHD6KPJG5069,34579.6,Y,N,,
647,MB1UPCHD0JRFW8747,71989.7,Y,N,,
648,MB1UPCHD2JRXZ4575,30567.2,Y,N,,
649,MB1UPCHD5JPCE0425,23265.6,Y,N,,
650,MB1UPCHD7KRFC2541,20157.3,Y,N,,
651,MB1UPCHD9KRGB8140,32327.5,Y,N,,
652,MB1UPDHD0JPED1210,38866.1,Y,N,,
653,MB1UPDHD4JPFC7406,104282.6,Y,N,,
654,MB1UPDHD5JPCD7918,60563.2,Y,N,,
655,MB1UPDHD5JPDD6626,98753.6,Y,N,,
656,MB1UPDHD6JPFC5396,101174.4,Y,N,,
657,MB1UPDHD6KPJF5341,59203.7,Y,N,,
658,MB1UPDHD8JPDD6622,115839.3,Y,N,,
659,MB1UPDHD8JPGB9165,49963.6,Y,N,,
660,MB1UPDHD9JPFC4839,58694.2,Y,N,,
661,MB1UPDHD9JPGC2978,96419.3,Y,N,,
662,MB1UPDHDXJPYF3918,60163.6,Y,N,,
663,MB1UPDHDXJPYF4826,24553.6,Y,N,,
664,MB1UPKHD0JPAE6850,41600.4,Y,N,,
665,MB1UPKHD0JPDD5310,12005.0,Y,N,,
666,MB1UPKHD0JPYF0319,40064.0,Y,N,,
667,MB1UPKHD0JPYF1485,65874.7,Y,N,,
668,MB1UPKHD0JRYY9601,35219.2,Y,N,,
669,MB1UPKHD1JPAE6243,66333.0,Y,N,,
670,MB1UPKHD1JPAE7165,31454.2,Y,N,,
671,MB1UPKHD1JPBE3863,62095.7,Y,N,,
672,MB1UPKHD1JPXF6109,103147.4,Y,N,,
673,MB1UPKHD2JPAE5568,24973.0,Y,N,,
674,MB1UPKHD2JPDD4658,16257.1,Y,N,,
675,MB1UPKHD3JPAE5580,55947.2,Y,N,,
676,MB1UPKHD3JPYF3392,2774.0,Y,N,,
677,MB1UPKHD4JPCD8479,88162.5,Y,N,,
678,MB1UPKHD4JPDD3365,25497.8,Y,N,,
679,MB1UPKHD5JPAE5564,6149.8,Y,N,,
680,MB1UPKHD5JPBE3736,54797.9,Y,N,,
681,MB1UPKHD5JPDD7229,51392.8,Y,N,,
682,MB1UPKHD5JPEC9957,116603.4,Y,N,,
683,MB1UPKHD6JPBE2109,92074.3,Y,N,,
684,MB1UPKHD6JPCD7897,28163.2,Y,N,,
685,MB1UPKHD6JPDD7269,101970.9,Y,N,,
686,MB1UPKHD6JPYF1393,51558.9,Y,N,,
687,MB1UPKHD6JRAY9209,39917.8,Y,N,,
688,MB1UPKHD7JPAE8031,52710.3,Y,N,,
689,MB1UPKHD7JPDD3344,59498.0,Y,N,,
690,MB1UPKHD7JPYF0625,62283.2,Y,N,,
691,MB1UPKHD8JPAE6224,28487.2,Y,N,,
692,MB1UPKHD8JPAE7681,47998.3,Y,N,,
693,MB1UPKHD8JPDD3336,69373.4,Y,N,,
694,MB1UPKHD8JPDD6172,42548.0,Y,N,,
695,MB1UPKHD8JPED0326,87291.0,Y,N,,
696,MB1UPKHD8JPED2478,39417.9,Y,N,,
697,MB1UPKHD8JPED2562,84465.9,Y,N,,
698,MB1UPKHD9JPAE7009,50803.6,Y,N,,
699,MB1UPKHD9JPDD6391,79445.4,Y,N,,
700,MB1UPKHD9JPXF7153,27065.3,Y,N,,
701,MB1UPKHD9JRXZ8004,70598.9,Y,N,,
702,MB1UPKHDXJPDD7145,43268.4,Y,N,,
703,MB1UPKHDXJPXF7808,42382.2,Y,N,,
704,MB1WADHD2JEFA3112,106746.9,Y,N,,
705,MB1WADHD5JPGC0820,22913.5,Y,N,,
706,MB1WADHD9JRFW8228,106161.2,Y,N,,
707,MB1A3CHD1JAGH5623,,N,N,,
708,MB1A3CHD2KPEK0501,,N,N,,
709,MB1A3CHD3KEHC9322,,N,N,,
710,MB1A3CHD3KPFJ6587,,N,N,,
711,MB1A3CHD4JEWC3098,,N,N,,
712,MB1A3CHD4KEGD2968,,N,N,,
713,MB1A3CHD4KPHH3804,,N,N,,
714,MB1A3CHD5JRYZ0604,,N,N,,
715,MB1A3CHD5KAFK2992,,N,N,,
716,MB1A3CHD5KEJC5140,,N,N,,
717,MB1A3CHD6KRGB7431,,N,N,,
718,MB1A3CHD8JEBB4750,,N,N,,
719,MB1A3CHDXJPGC2013,,N,N,,
720,MB1A3EHD0KAJJ9057,,N,N,,
721,MB1A3EHD0KEED8000,,N,N,,
722,MB1A3EHD1KAJJ9066,,N,N,,
723,MB1A3EHD2KAJJ9061,,N,N,,
724,MB1A3EHD3JAGH6915,,N,N,,
725,MB1A3EHD3KPGH9506,,N,N,,
726,MB1A3EHD4JPBE3761,,N,N,,
727,MB1A3EHD4JPCD8594,,N,N,,
728,MB1A3EHD5HAJH3636,,N,N,,
729,MB1A3EHD5JAAJ3396,,N,N,,
730,MB1A3EHD5JAEH8644,,N,N,,
731,MB1A3EHD5KPDK3045,,N,N,,
732,MB1A3EHD5KPEJ9211,,N,N,,
733,MB1A3EHD6JAGH5936,,N,N,,
734,MB1A3EHD6JEFA2815,,N,N,,
735,MB1A3EHD6JPBE3633,,N,N,,
736,MB1A3EHD6JPDD7255,,N,N,,
737,MB1A3EHD6JPGC2389,,N,N,,
738,MB1A3EHD6KPEK0948,,N,N,,
739,MB1A3EHD7KEFD6716,,N,N,,
740,MB1A3EHD8JABJ2634,,N,N,,
741,MB1A3EHD8JAYJ4904,,N,N,,
742,MB1A3EHD8JEBB3691,,N,N,,
743,MB1A3EHD8KAFK4084,,N,N,,
744,MB1A3EHD8KPEK0742,,N,N,,
745,MB1A3EHD9JAAJ3451,,N,N,,
746,MB1A3EHD9JADJ1157,,N,N,,
747,MB1A3EHD9JAHH5108,,N,N,,
748,MB1A3EHD9KPEJ8756,,N,N,,
749,MB1A3EHDXJPEC9730,,N,N,,
750,MB1A3EHDXKPCK5029,,N,N,,
751,MB1A3EHDXKPDK1890,,N,N,,
752,MB1A3EHDXKPDK3137,,N,N,,
753,MB1A3HHD1KRJA9412,,N,N,,
754,MB1A3HHD8JRWA0834,,N,N,,
755,MB1AVPTD3JPCE1130,,N,N,,
756,MB1CTCHD0JAYJ4764,,N,N,,
757,MB1CTCHD0JPEC8776,,N,N,,
758,MB1CTCHD3JPGB9883,,N,N,,
759,MB1CTCHD3KEDD9426,,N,N,,
760,MB1CTCHD3KPEJ9561,,N,N,,
761,MB1CTCHD5JEAB7014,,N,N,,
762,MB1CTCHD5JPEC9728,,N,N,,
763,MB1CTCHD5KAEK4621,,N,N,,
764,MB1CTCHD5KAEK5140,,N,N,,
765,MB1CTCHD5KPEJ7598,,N,N,,
766,MB1CTCHD5KPHH4873,,N,N,,
767,MB1CTCHD5KPHH4923,,N,N,,
768,MB1CTCHD5KPJG6350,,N,N,,
769,MB1CTCHD5KPJH0186,,N,N,,
770,MB1CTCHD6JAXJ6970,,N,N,,
771,MB1CTCHD6JPXG0069,,N,N,,
772,MB1CTCHD6JPYE9804,,N,N,,
773,MB1CTCHD6KPHH4882,,N,N,,
774,MB1CTCHD7JAFH7382,,N,N,,
775,MB1CTCHD7JAWJ7445,,N,N,,
776,MB1CTCHD7JAXJ6766,,N,N,,
777,MB1CTCHD7JAYJ5040,,N,N,,
778,MB1CTCHD7JEAB5748,,N,N,,
779,MB1CTCHD7JECB0037,,N,N,,
780,MB1CTCHD7JPAE5031,,N,N,,
781,MB1CTCHD7JPEC9004,,N,N,,
782,MB1CTCHD7KAEK4507,,N,N,,
783,MB1CTCHD7KAEK4510,,N,N,,
784,MB1CTCHD7KAFK3604,,N,N,,
785,MB1CTCHD7KPHH4891,,N,N,,
786,MB1CTCHD8JAXJ5738,,N,N,,
787,MB1CTCHD8JPDD6928,,N,N,,
788,MB1CTCHD8JPEC8783,,N,N,,
789,MB1CTCHD8JPGC1208,,N,N,,
790,MB1CTCHD8JPXF8937,,N,N,,
791,MB1CTCHD8JPXG0106,,N,N,,
792,MB1CTCHD8KPJG8352,,N,N,,
793,MB1CTCHD9JPCE0239,,N,N,,
794,MB1CTCHD9KADK6076,,N,N,,
795,MB1CTCHD9KAEK4511,,N,N,,
796,MB1CTCHD9KEFD5967,,N,N,,
797,MB1CTCHD9KPFJ4657,,N,N,,
798,MB1CTCHD9KPHH4889,,N,N,,
799,MB1CTCHDXJEWC3177,,N,N,,
800,MB1CTCHDXJPDD4923,,N,N,,
801,MB1CTCHDXJPED1605,,N,N,,
802,MB1CTCHDXKAEK4503,,N,N,,
803,MB1CTCHDXKAEK5098,,N,N,,
804,MB1CTCHDXKPFJ6501,,N,N,,
805,MB1CTCHDXKPHH3511,,N,N,,
806,MB1DTCHD1JRDX4515,,N,N,,
807,MB1DTCHD2KREC3248,,N,N,,
808,MB1DTCHD2KRJA8821,,N,N,,
809,MB1DTCHD5JRWA1746,,N,N,,
810,MB1DTCHD5KRJA3659,,N,N,,
811,MB1DTCHDXKEJC2389,,N,N,,
812,MB1G3CHD3JEGZ9512,,N,N,,
813,MB1G3CHD3JEYB9544,,N,N,,
814,MB1G3CHD5JECB1348,,N,N,,
815,MB1G3CHD7JEAB6996,,N,N,,
816,MB1G3CHD9JEBB3164,,N,N,,
817,MB1G3CHD9JEDA8021,,N,N,,
818,MB1G3DHD0JEAB6490,,N,N,,
819,MB1G3DHD0JEXC2419,,N,N,,
820,MB1G3DHD0JPDD4419,,N,N,,
821,MB1G3DHD0JREX3099,,N,N,,
822,MB1G3DHD0JRFW4597,,N,N,,
823,MB1G3DHD1JREX2835,,N,N,,
824,MB1G3DHD2JEAB5700,,N,N,,
825,MB1G3DHD3JEGA1371,,N,N,,
826,MB1G3DHD3JEHZ8790,,N,N,,
827,MB1G3DHD3JPFC4960,,N,N,,
828,MB1G3DHD3JRCX7836,,N,N,,
829,MB1G3DHD4JEGA0195,,N,N,,
830,MB1G3DHD5JEAB7263,,N,N,,
831,MB1G3DHD5JEDA9219,,N,N,,
832,MB1G3DHD5JEEA6565,,N,N,,
833,MB1G3DHD5JPDD4190,,N,N,,
834,MB1G3DHD6JEDA7849,,N,N,,
835,MB1G3DHD6JRBY1697,,N,N,,
836,MB1G3DHD8JEAB5345,,N,N,,
837,MB1G3DHD8JRYZ2198,,N,N,,
838,MB1G3DHD9JRYZ2291,,N,N,,
839,MB1G3DHDXJEAB5363,,N,N,,
840,MB1HTDHD0JEBB4469,,N,N,,
841,MB1HTDHD0JEDA8533,,N,N,,
842,MB1HTDHD0JEYB9446,,N,N,,
843,MB1HTDHD0JREW9669,,N,N,,
844,MB1HTDHD1JEBB4643,,N,N,,
845,MB1HTDHD1JEEA5207,,N,N,,
846,MB1HTDHD1JEYB9634,,N,N,,
847,MB1HTDHD1JRFW5844,,N,N,,
848,MB1HTDHD2JEYB9447,,N,N,,
849,MB1HTDHD2JEYB9576,,N,N,,
850,MB1HTDHD3JEGA0449,,N,N,,
851,MB1HTDHD3JEYB9635,,N,N,,
852,MB1HTDHD4JEAB5704,,N,N,,
853,MB1HTDHD4JEAB5847,,N,N,,
854,MB1HTDHD4JEAB6982,,N,N,,
855,MB1HTDHD4JEAB7131,,N,N,,
856,MB1HTDHD4JEFA3535,,N,N,,
857,MB1HTDHD4JPAE5385,,N,N,,
858,MB1HTDHD4JPYF4219,,N,N,,
859,MB1HTDHD4JREX2204,,N,N,,
860,MB1HTDHD5JEEA5209,,N,N,,
861,MB1HTDHD5JEYB9443,,N,N,,
862,MB1HTDHD5JRDX4900,,N,N,,
863,MB1HTDHD6JEGA0574,,N,N,,
864,MB1HTDHD6JEYB9306,,N,N,,
865,MB1HTDHD7JEFA3092,,N,N,,
866,MB1HTDHD7JRBY4662,,N,N,,
867,MB1HTDHD7JRDX4705,,N,N,,
868,MB1HTDHD8JEBB4364,,N,N,,
869,MB1HTDHD8JEYB9503,,N,N,,
870,MB1HTDHD9JEBB4471,,N,N,,
871,MB1HTDHD9JEEA6461,,N,N,,
872,MB1HTDHD9JEEA6976,,N,N,,
873,MB1HTDHD9JPDD5637,,N,N,,
874,MB1HTDHD9JRAY5387,,N,N,,
875,MB1HTDHDXJEDA9432,,N,N,,
876,MB1HTDHDXJEXC2013,,N,N,,
877,MB1HTDHDXJEYB9504,,N,N,,
878,MB1HTDHDXJPBE4356,,N,N,,
879,MB1HTDHDXJRAY6578,,N,N,,
880,MB1HTLHD0JRAY8530,,N,N,,
881,MB1HTLHD0JRCX8263,,N,N,,
882,MB1HTLHD0JRKA3300,,N,N,,
883,MB1HTLHD1JPYF1515,,N,N,,
884,MB1HTLHD2JPCE1271,,N,N,,
885,MB1HTLHD2JPYF0177,,N,N,,
886,MB1HTLHD2JRCX8152,,N,N,,
887,MB1HTLHD3JPAE6070,,N,N,,
888,MB1HTLHD4JPAE7793,,N,N,,
889,MB1HTLHD6JPXF7033,,N,N,,
890,MB1HTLHD6JRAY9147,,N,N,,
891,MB1JADHD0JRGW1424,,N,N,,
892,MB1JADHD9JRAY8104,,N,N,,
893,MB1KACHD1JEXC0866,,N,N,,
894,MB1KACHD1JPXF7632,,N,N,,
895,MB1KACHD1KEGD3781,,N,N,,
896,MB1KACHD1KPHH2846,,N,N,,
897,MB1KACHD1KPJG8842,,N,N,,
898,MB1KACHD2JRXZ5914,,N,N,,
899,MB1KACHD2KPHH2953,,N,N,,
900,MB1KACHD2KPHH3245,,N,N,,
901,MB1KACHD3JEFA2172,,N,N,,
902,MB1KACHD3JPGC1781,,N,N,,
903,MB1KACHD3JPGC2347,,N,N,,
904,MB1KACHD3KPJG2881,,N,N,,
905,MB1KACHD3KPJG5182,,N,N,,
906,MB1KACHD3KPJG5988,,N,N,,
907,MB1KACHD4JPBE2270,,N,N,,
908,MB1KACHD4JPDD3994,,N,N,,
909,MB1KACHD4JPWG2028,,N,N,,
910,MB1KACHD4JPXF7804,,N,N,,
911,MB1KACHD4KEFD6008,,N,N,,
912,MB1KACHD4KPHH6969,,N,N,,
913,MB1KACHD4KPJG9127,,N,N,,
914,MB1KACHD4KPJH1993,,N,N,,
915,MB1KACHD5HPJB1228,,N,N,,
916,MB1KACHD5KAJJ9277,,N,N,,
917,MB1KACHD5KPCK4207,,N,N,,
918,MB1KACHD5KPEJ8011,,N,N,,
919,MB1KACHD5KPJG5376,,N,N,,
920,MB1KACHD6JAGH6325,,N,N,,
921,MB1KACHD6JECB0242,,N,N,,
922,MB1KACHD6JPCD8174,,N,N,,
923,MB1KACHD6JPHB7100,,N,N,,
924,MB1KACHD6KEJC7862,,N,N,,
925,MB1KACHD6KPGH8333,,N,N,,
926,MB1KACHD6KPJG9503,,N,N,,
927,MB1KACHD6KRJA4123,,N,N,,
928,MB1KACHD7JPXF6873,,N,N,,
929,MB1KACHD7JPYF0977,,N,N,,
930,MB1KACHD7KPEJ7992,,N,N,,
931,MB1KACHD7KPHH2995,,N,N,,
932,MB1KACHD7KPHH4505,,N,N,,
933,MB1KACHD7KPJG2172,,N,N,,
934,MB1KACHD7KPJH0983,,N,N,,
935,MB1KACHD8JRCX8099,,N,N,,
936,MB1KACHD9JEBB2824,,N,N,,
937,MB1KACHD9JPGC2451,,N,N,,
938,MB1KACHDXJPYF2352,,N,N,,
939,MB1KAKHD0JPBE2499,,N,N,,
940,MB1KAKHDXJRAY8461,,N,N,,
941,MB1NACHD0JPHB6702,,N,N,,
942,MB1NACHD3JEGA0146,,N,N,,
943,MB1NACHD5JAHH4890,,N,N,,
944,MB1NACHD5JPGC0595,,N,N,,
945,MB1NACHD8JEGA1437,,N,N,,
946,MB1NACHDXJEHZ8826,,N,N,,
947,MB1NACHDXJPHB4861,,N,N,,
948,MB1TLCHD1KEFD4814,,N,N,,
949,MB1TLCHD3JEXC0561,,N,N,,
950,MB1TLCHD3JPFC4112,,N,N,,
951,MB1TLCHD4KPFJ5358,,N,N,,
952,MB1TLCHD7KEFD4669,,N,N,,
953,MB1TLCHD7KEFD4901,,N,N,,
954,MB1TLCHD7KEFD5370,,N,N,,
955,MB1TLCHD7KEFD5823,,N,N,,
956,MB1TLCHD8KEFD5250,,N,N,,
957,MB1TLCHD9JAGH6429,,N,N,,
958,MB1TLCHD9JEBB2739,,N,N,,
959,MB1TLCHD9JEYB9367,,N,N,,
960,MB1TLCHD9JPCD8863,,N,N,,
961,MB1TLCHDXJAFH8090,,N,N,,
962,MB1TLCHDXJEFA3155,,N,N,,
963,MB1TLDHD0JEHZ9331,,N,N,,
964,MB1TLDHD0JPYF2204,,N,N,,
965,MB1TLDHD1HEJZ6587,,N,N,,
966,MB1TLDHD2JPFC3622,,N,N,,
967,MB1TLDHD2JPYF3208,,N,N,,
968,MB1TLDHD7JPYF2961,,N,N,,
969,MB1TLDHDXJPGC0423,,N,N,,
970,MB1TLDHDXKPJF8458,,N,N,,
971,MB1TLKHD1JPXF9390,,N,N,,
972,MB1TLKHD1JPYE9722,,N,N,,
973,MB1TLKHD2JRXZ5047,,N,N,,
974,MB1TLKHD2KPJG7465,,N,N,,
975,MB1TLKHD2KPJH1550,,N,N,,
976,MB1TLKHD3JPFC7845,,N,N,,
977,MB1TLKHD3KPHH3411,,N,N,,
978,MB1TLKHD3KPJG6342,,N,N,,
979,MB1TLKHD5JPXG0137,,N,N,,
980,MB1TLKHD6KPFJ7056,,N,N,,
981,MB1TLKHD8JPYF2858,,N,N,,
982,MB1TLKHD8KPHH4103,,N,N,,
983,MB1TLKHD8KPJH1553,,N,N,,
984,MB1TLKHD9JPXF8679,,N,N,,
985,MB1TLKHD9KPJG7463,,N,N,,
986,MB1TLKHD9KRJA4934,,N,N,,
987,MB1TLKHDXJRXZ5863,,N,N,,
988,MB1TLKHDXKRFB9716,,N,N,,
989,MB1TRCHD0KEJC3027,,N,N,,
990,MB1TRCHD1JEBB3494,,N,N,,
991,MB1TRCHD1KRGB5593,,N,N,,
992,MB1TRCHD2JAFH7871,,N,N,,
993,MB1TRCHD3KRGB5594,,N,N,,
994,MB1TRCHD4JEBB3831,,N,N,,
995,MB1TRCHD4JEBB4185,,N,N,,
996,MB1TRCHD4JEYB9985,,N,N,,
997,MB1TRCHD4KEJC3144,,N,N,,
998,MB1TRCHD5JAEH9000,,N,N,,
999,MB1TRCHD5JEAB6881,,N,N,,
1000,MB1TRCHD5JECB0780,,N,N,,
1001,MB1TRCHD6JPCE0214,,N,N,,
1002,MB1TRCHD7JEAB7207,,N,N,,
1003,MB1TRCHD7JEBB3399,,N,N,,
1004,MB1TRCHD7JPCE0089,,N,N,,
1005,MB1TRCHD7JRXZ4416,,N,N,,
1006,MB1TRCHD7KPGJ3346,,N,N,,
1007,MB1TRCHD8JEAB6454,,N,N,,
1008,MB1TRCHD8KPGJ2836,,N,N,,
1009,MB1TRCHD9JEYB8637,,N,N,,
1010,MB1TRCHD9JEYB9996,,N,N,,
1011,MB1TRCHD9KEFD5644,,N,N,,
1012,MB1TRCHD9KEJC3026,,N,N,,
1013,MB1TRCHDXJAXJ6274,,N,N,,
1014,MB1TRCHDXJEGA0113,,N,N,,
1015,MB1TRCHDXJPAE9475,,N,N,,
1016,MB1TRCHDXJPBE1797,,N,N,,
1017,MB1TRDHD0JPGC0333,,N,N,,
1018,MB1TRDHD1JPXF6810,,N,N,,
1019,MB1TRDHD3JPYF5175,,N,N,,
1020,MB1TRDHD5JPFC6903,,N,N,,
1021,MB1TRDHD5JPFC6934,,N,N,,
1022,MB1TRDHD5JPYF1340,,N,N,,
1023,MB1TRDHD5JPYF2570,,N,N,,
1024,MB1TRDHD6JPYF1556,,N,N,,
1025,MB1TRDHD6KPJF8021,,N,N,,
1026,MB1TRDHD7JPYF4529,,N,N,,
1027,MB1TRDHD8JPHB6064,,N,N,,
1028,MB1TRDHD8KPFJ4413,,N,N,,
1029,MB1TRDHD9JPYF4550,,N,N,,
1030,MB1TRDHDXJPCE0707,,N,N,,
1031,MB1TRDHDXJPFC6041,,N,N,,
1032,MB1TRDHDXJPXF8023,,N,N,,
1033,MB1TRDHDXKPCK4741,,N,N,,
1034,MB1TRDHDXKPFJ4395,,N,N,,
1035,MB1TRDHDXKPHH4405,,N,N,,
1036,MB1TRKHD0JPAE6627,,N,N,,
1037,MB1TRKHD0JPBE3360,,N,N,,
1038,MB1TRKHD0JPDD4289,,N,N,,
1039,MB1TRKHD0JPYE9970,,N,N,,
1040,MB1TRKHD0KPDK1824,,N,N,,
1041,MB1TRKHD0KPDK2987,,N,N,,
1042,MB1TRKHD0KRGB4851,,N,N,,
1043,MB1TRKHD0KRJA0740,,N,N,,
1044,MB1TRKHD1JPYF0383,,N,N,,
1045,MB1TRKHD1KPHH3910,,N,N,,
1046,MB1TRKHD1KPJG6032,,N,N,,
1047,MB1TRKHD2JPAE6628,,N,N,,
1048,MB1TRKHD2JPBE3103,,N,N,,
1049,MB1TRKHD2JPDD4813,,N,N,,
1050,MB1TRKHD2JPYF3292,,N,N,,
1051,MB1TRKHD2JPYF3681,,N,N,,
1052,MB1TRKHD3JPAE9330,,N,N,,
1053,MB1TRKHD3JPAE9358,,N,N,,
1054,MB1TRKHD3JPDD4030,,N,N,,
1055,MB1TRKHD3JPED0031,,N,N,,
1056,MB1TRKHD3JPXF8255,,N,N,,
1057,MB1TRKHD3KPJG8817,,N,N,,
1058,MB1TRKHD4JPED2144,,N,N,,
1059,MB1TRKHD4JPYF0927,,N,N,,
1060,MB1TRKHD4KRJA7125,,N,N,,
1061,MB1TRKHD5JPBE3676,,N,N,,
1062,MB1TRKHD5JPDD4708,,N,N,,
1063,MB1TRKHD5JPDD5101,,N,N,,
1064,MB1TRKHD5JPDD7690,,N,N,,
1065,MB1TRKHD5JPED0032,,N,N,,
1066,MB1TRKHD5JPYF3108,,N,N,,
1067,MB1TRKHD6JPED1142,,N,N,,
1068,MB1TRKHD6JPED1237,,N,N,,
1069,MB1TRKHD6JRYZ3805,,N,N,,
1070,MB1TRKHD6KPJG0307,,N,N,,
1071,MB1TRKHD6KPJG9590,,N,N,,
1072,MB1TRKHD7JPDD4001,,N,N,,
1073,MB1TRKHD7JPDD4614,,N,N,,
1074,MB1TRKHD7JPYF1800,,N,N,,
1075,MB1TRKHD7JPYF2106,,N,N,,
1076,MB1TRKHD7KPHH5970,,N,N,,
1077,MB1TRKHD8JPAE6651,,N,N,,
1078,MB1TRKHD8JPAE9372,,N,N,,
1079,MB1TRKHD8JPCD7633,,N,N,,
1080,MB1TRKHD8JPDD5822,,N,N,,
1081,MB1TRKHD8JPDD7442,,N,N,,
1082,MB1TRKHD8KPHH6884,,N,N,,
1083,MB1TRKHD9JPBE2952,,N,N,,
1084,MB1TRKHD9JPDD4033,,N,N,,
1085,MB1TRKHD9JPED1135,,N,N,,
1086,MB1TRKHD9JPYF2673,,N,N,,
1087,MB1TRKHD9JPYF3709,,N,N,,
1088,MB1TRKHD9KPDK2003,,N,N,,
1089,MB1TRKHD9KPJG2276,,N,N,,
1090,MB1TRKHD9KRHB1188,,N,N,,
1091,MB1TRKHD9KRJA4060,,N,N,,
1092,MB1TRKHDXJPAE7428,,N,N,,
1093,MB1TRKHDXJPBE1566,,N,N,,
1094,MB1TRKHDXJPED1130,,N,N,,
1095,MB1TRKHDXJPYF2293,,N,N,,
1096,MB1TRVHD2KPJG5070,,N,N,,
1097,MB1TRVHD8JPWG4731,,N,N,,
1098,MB1TRVHD9KPJG5017,,N,N,,
1099,MB1UPCHD0KRDC8109,,N,N,,
1100,MB1UPCHD2KRGB7394,,N,N,,
1101,MB1UPCHD3KRDC7746,,N,N,,
1102,MB1UPCHD3KREC4672,,N,N,,
1103,MB1UPCHD6KPFJ6942,,N,N,,
1104,MB1UPCHD8JRXZ4578,,N,N,,
1105,MB1UPCHD8KRGB7819,,N,N,,
1106,MB1UPDHD0JPFC7113,,N,N,,
1107,MB1UPDHD3JPGC2300,,N,N,,
1108,MB1UPDHD6JPED2250,,N,N,,
1109,MB1UPDHD6JPHB4789,,N,N,,
1110,MB1UPDHDXJPFC7135,,N,N,,
1111,MB1UPKHD0JPBE2686,,N,N,,
1112,MB1UPKHD1JPED1768,,N,N,,
1113,MB1UPKHD2JPAE7403,,N,N,,
1114,MB1UPKHD2JPDD7012,,N,N,,
1115,MB1UPKHD2JPYF3531,,N,N,,
1116,MB1UPKHD3JPBE4433,,N,N,,
1117,MB1UPKHD4JPBE3159,,N,N,,
1118,MB1UPKHD5JPXG0373,,N,N,,
1119,MB1UPKHD8JPXF8276,,N,N,,
1120,MB1UPKHD9JPED0268,,N,N,,
1121,MB1UPKHDXJPXF7811,,N,N,,
1122,MB1WADHD9JEFA4290,,N,N,,
1123,MB1KACHD4JPXF9343,,N,Y,54686.0,
