,vin,1st_prediction_instance_km,Predicted as Failed,Actual Failed,ANN_RADIATOR_KM,Predicted in advance km
0,MB1A3CHD0KPHH2911,33561.4,Y,Y,35800.0,2238.5999999999985
1,MB1A3EHD4JPCD8594,197528.5,Y,Y,203685.0,6156.5
2,MB1A3EHD6JPDD7255,72691.4,Y,Y,74316.0,1624.6000000000058
3,MB1A3EHD6JPDD7255,72691.4,Y,Y,76315.0,3623.600000000006
4,MB1CTCHD6JPEC8782,233125.3,Y,Y,230370.0,-2755.2999999999884
5,MB1CTCHD6JPEC8782,233125.3,Y,Y,241696.0,8570.700000000012
6,MB1KACHD1JPCD8535,116631.8,Y,Y,126722.0,10090.199999999997
7,MB1KACHD1JPCD8535,116631.8,Y,Y,128891.0,12259.199999999997
8,MB1NACHD6HRJV3106,151654.0,Y,Y,158198.0,6544.0
9,MB1NACHD8JEGA1437,170989.4,Y,Y,175000.0,4010.600000000006
10,MB1NACHDXJRHV9694,141961.4,Y,Y,152400.0,10438.600000000006
11,MB1TRKHD9JPYF1829,39796.6,Y,Y,40109.0,312.40000000000146
12,MB1TRKHD9JPYF1829,39796.6,Y,Y,42032.0,2235.4000000000015
13,MB1UPKHD1JPAE6243,66333.0,Y,Y,68512.0,2179.0
14,MB1UPKHD1JPAE7165,30454.2,Y,Y,33301.0,2846.7999999999993
15,MB1UPKHD2JPDD7012,132763.9,Y,Y,134922.0,2158.100000000006
16,MB1UPKHD6JPAE5993,49355.5,Y,Y,51200.0,1844.5
17,MB1UPKHD6JPBE2109,92074.3,Y,Y,103760.0,11685.699999999997
18,MB1UPKHD6JPYF1393,51558.9,Y,Y,55500.0,3941.0999999999985
19,MB1UPKHD7JPAE8031,51110.3,Y,Y,59185.0,8074.699999999997
20,MB1UPKHD7JPAE8031,51110.3,Y,Y,59234.0,8123.699999999997
21,MB1UPKHD8JPAE6224,23487.2,Y,Y,26251.0,2763.7999999999993
22,MB1UPKHD9JPBE3299,42752.8,Y,Y,56986.0,14233.199999999997
23,MB1UPKHD9JPXF7153,24265.3,Y,Y,25956.0,1690.7000000000007
24,MB1UPKHD9JPXF7153,24265.3,Y,Y,26596.0,2330.7000000000007
25,MB1UPKHDXJPXF7808,35782.2,Y,Y,39510.0,3727.800000000003
26,MB1A3CHDXJPGC2013,64434.6,Y,N,,
27,MB1A3EHD0KAJJ9057,63166.0,Y,N,,
28,MB1A3EHD1JABJ2636,196959.3,Y,N,,
29,MB1A3EHD6JAGH5936,133890.2,Y,N,,
30,MB1A3EHD8JABJ2634,178785.7,Y,N,,
31,MB1AVPTD3JPCE1130,52432.9,Y,N,,
32,MB1CTCHD2JPEC9167,239354.0,Y,N,,
33,MB1CTCHD5JPAE5366,103123.2,Y,N,,
34,MB1CTCHD5JPDD5302,188201.7,Y,N,,
35,MB1CTCHD5JPEC9728,127729.4,Y,N,,
36,MB1CTCHD6JPGC0865,124903.8,Y,N,,
37,MB1CTCHD7JAFH7382,87854.7,Y,N,,
38,MB1CTCHD7JPEC9004,227291.2,Y,N,,
39,MB1CTCHD8JEBB3106,46744.5,Y,N,,
40,MB1CTCHD8JPGC1208,112693.3,Y,N,,
41,MB1CTCHD8JPXF8937,49992.4,Y,N,,
42,MB1CTCHD9JPCE0239,110345.1,Y,N,,
43,MB1CTCHD9KADK6076,6575.8,Y,N,,
44,MB1DTCHD5JRWA1746,7899.8,Y,N,,
45,MB1G3DHD0JEAB6490,92673.3,Y,N,,
46,MB1G3DHD0JRFW4597,76259.7,Y,N,,
47,MB1HTDHD9JEBB4471,94701.6,Y,N,,
48,MB1HTLHD1JPAE5709,50817.9,Y,N,,
49,MB1JADHD9JRAY8104,72728.0,Y,N,,
50,MB1KACHD1KPJG2880,32291.4,Y,N,,
51,MB1KACHD1KPJG8842,50994.0,Y,N,,
52,MB1KACHD3JEFA3256,154333.0,Y,N,,
53,MB1KACHD3JPXF9348,46667.1,Y,N,,
54,MB1KACHD4JPED0984,137484.2,Y,N,,
55,MB1KACHD4JPXF7804,30558.3,Y,N,,
56,MB1KACHD4JRYZ2838,82991.8,Y,N,,
57,MB1KACHD5HPJB1228,141537.5,Y,N,,
58,MB1KACHD5JPGC2656,196061.7,Y,N,,
59,MB1KACHD5JRYZ1875,34221.1,Y,N,,
60,MB1KACHD6JPCD8174,38189.6,Y,N,,
61,MB1KACHD6JRGW3015,92479.7,Y,N,,
62,MB1KACHD7JPYF0977,60579.7,Y,N,,
63,MB1KACHD7JRFW7040,126780.7,Y,N,,
64,MB1KACHD9JRFW5581,63925.7,Y,N,,
65,MB1NACHD0JPHB6702,122904.5,Y,N,,
66,MB1NACHD1JPHB4618,81715.4,Y,N,,
67,MB1NACHD3JPHB6743,57813.7,Y,N,,
68,MB1NACHD5JAHH4890,84998.4,Y,N,,
69,MB1NACHD7JAHH4387,126151.9,Y,N,,
70,MB1NACHD9JRHV6415,117519.6,Y,N,,
71,MB1TLCHD9JEBB2739,39965.5,Y,N,,
72,MB1TLDHD8JPAE5691,21071.1,Y,N,,
73,MB1TRCHD9JEYB8637,35644.9,Y,N,,
74,MB1TRDHD3JPYF2454,43912.5,Y,N,,
75,MB1TRDHD8JPHB6971,14880.3,Y,N,,
76,MB1TRDHD9JPBE3661,28340.0,Y,N,,
77,MB1TRDHD9JPYF4550,68737.9,Y,N,,
78,MB1TRDHDXJPGC1179,37150.4,Y,N,,
79,MB1TRKHD0JPDD4289,49170.6,Y,N,,
80,MB1TRKHD0JPYE9970,35156.7,Y,N,,
81,MB1TRKHD2JPDD6125,84393.9,Y,N,,
82,MB1TRKHD6JPAE8463,55567.8,Y,N,,
83,MB1TRKHD6JRXZ8015,33560.8,Y,N,,
84,MB1TRKHDXJPYF2293,5285.9,Y,N,,
85,MB1TRVHD9KPJG5017,29414.5,Y,N,,
86,MB1UPDHD0JPED1210,45966.1,Y,N,,
87,MB1UPDHD3JPGC2300,113885.4,Y,N,,
88,MB1UPDHD6JPHB4789,47063.1,Y,N,,
89,MB1UPDHD8JPDD6622,119639.3,Y,N,,
90,MB1UPKHD0JPAE6850,38900.4,Y,N,,
91,MB1UPKHD0JPBE2686,1494.3,Y,N,,
92,MB1UPKHD0JPDD5310,11505.0,Y,N,,
93,MB1UPKHD0JPYF0319,35864.0,Y,N,,
94,MB1UPKHD0JPYF1485,65874.7,Y,N,,
95,MB1UPKHD0JRYY9601,35119.2,Y,N,,
96,MB1UPKHD1JPBE3863,61795.7,Y,N,,
97,MB1UPKHD1JPED1768,20235.2,Y,N,,
98,MB1UPKHD1JPXF6109,103147.4,Y,N,,
99,MB1UPKHD1JPYF2094,126590.8,Y,N,,
100,MB1UPKHD2JPAE5568,23473.0,Y,N,,
101,MB1UPKHD2JPAE7403,1076.7,Y,N,,
102,MB1UPKHD2JPDD4658,15657.1,Y,N,,
103,MB1UPKHD2JPYF3531,36041.1,Y,N,,
104,MB1UPKHD3JPAE5580,55347.2,Y,N,,
105,MB1UPKHD3JPBE4433,77572.3,Y,N,,
106,MB1UPKHD3JPDD3521,72298.3,Y,N,,
107,MB1UPKHD3JPYF3392,2774.0,Y,N,,
108,MB1UPKHD4JPBE3159,72045.8,Y,N,,
109,MB1UPKHD4JPCD8479,88162.5,Y,N,,
110,MB1UPKHD4JPDD3365,25497.8,Y,N,,
111,MB1UPKHD5JPAE5564,6149.8,Y,N,,
112,MB1UPKHD5JPBE3736,54497.9,Y,N,,
113,MB1UPKHD5JPDD7229,50092.8,Y,N,,
114,MB1UPKHD5JPEC9957,116503.4,Y,N,,
115,MB1UPKHD5JPXG0373,24598.3,Y,N,,
116,MB1UPKHD6JPCD7897,27863.2,Y,N,,
117,MB1UPKHD6JPDD7269,101970.9,Y,N,,
118,MB1UPKHD6JRAY9209,39917.8,Y,N,,
119,MB1UPKHD7JPDD3344,58998.0,Y,N,,
120,MB1UPKHD7JPYF0625,62383.2,Y,N,,
121,MB1UPKHD8JPAE7681,47698.3,Y,N,,
122,MB1UPKHD8JPDD3336,69373.4,Y,N,,
123,MB1UPKHD8JPDD6172,41148.0,Y,N,,
124,MB1UPKHD8JPED0326,86991.0,Y,N,,
125,MB1UPKHD8JPED2478,39417.9,Y,N,,
126,MB1UPKHD8JPED2562,75165.9,Y,N,,
127,MB1UPKHD8JPXF8276,30330.7,Y,N,,
128,MB1UPKHD9JPAE7009,50503.6,Y,N,,
129,MB1UPKHD9JPDD6391,79445.4,Y,N,,
130,MB1UPKHD9JPDD7217,85384.4,Y,N,,
131,MB1UPKHD9JPED0268,82248.1,Y,N,,
132,MB1UPKHD9JRXZ8004,70598.9,Y,N,,
133,MB1UPKHDXJPDD7145,43168.4,Y,N,,
134,MB1UPKHDXJPXF7789,37017.9,Y,N,,
135,MB1UPKHDXJPXF7811,38433.0,Y,N,,
136,MB1WADHD9JEFA4290,39925.1,Y,N,,
137,MB1A3CHD1JAGH5623,,N,N,,
138,MB1A3CHD2KPEK0501,,N,N,,
139,MB1A3CHD2KPHH3803,,N,N,,
140,MB1A3CHD3KEHC9322,,N,N,,
141,MB1A3CHD3KPFJ6587,,N,N,,
142,MB1A3CHD4JEWC3098,,N,N,,
143,MB1A3CHD4JEXC2438,,N,N,,
144,MB1A3CHD4KEGD2968,,N,N,,
145,MB1A3CHD4KPHH3026,,N,N,,
146,MB1A3CHD4KPHH3804,,N,N,,
147,MB1A3CHD5HAJH3396,,N,N,,
148,MB1A3CHD5JRYZ0604,,N,N,,
149,MB1A3CHD5KAFK2992,,N,N,,
150,MB1A3CHD5KEJC5140,,N,N,,
151,MB1A3CHD6KRGB7431,,N,N,,
152,MB1A3CHD7JRYZ3634,,N,N,,
153,MB1A3CHD9JADJ0093,,N,N,,
154,MB1A3CHD9JPED0310,,N,N,,
155,MB1A3CHD9JPHB4827,,N,N,,
156,MB1A3EHD0KEED8000,,N,N,,
157,MB1A3EHD1KAJJ9066,,N,N,,
158,MB1A3EHD2JEFA4416,,N,N,,
159,MB1A3EHD2KAJJ9061,,N,N,,
160,MB1A3EHD3JADJ0747,,N,N,,
161,MB1A3EHD3JAGH6915,,N,N,,
162,MB1A3EHD3JAYJ4566,,N,N,,
163,MB1A3EHD3JPAE6003,,N,N,,
164,MB1A3EHD3KPGH9506,,N,N,,
165,MB1A3EHD5HAJH3636,,N,N,,
166,MB1A3EHD5JAAJ3396,,N,N,,
167,MB1A3EHD5JAEH8644,,N,N,,
168,MB1A3EHD5JEYB9627,,N,N,,
169,MB1A3EHD5KPDK3045,,N,N,,
170,MB1A3EHD5KPEJ9211,,N,N,,
171,MB1A3EHD6JEFA2815,,N,N,,
172,MB1A3EHD6JPGC2389,,N,N,,
173,MB1A3EHD6KPEK0948,,N,N,,
174,MB1A3EHD7JEWC3656,,N,N,,
175,MB1A3EHD7JPAE9387,,N,N,,
176,MB1A3EHD7KEFD6716,,N,N,,
177,MB1A3EHD8JAFH8169,,N,N,,
178,MB1A3EHD8JAHH5116,,N,N,,
179,MB1A3EHD8JAYJ5583,,N,N,,
180,MB1A3EHD8JEBB3691,,N,N,,
181,MB1A3EHD8KPEK0742,,N,N,,
182,MB1A3EHD9JADJ1157,,N,N,,
183,MB1A3EHD9JAHH5108,,N,N,,
184,MB1A3EHD9JPCD8591,,N,N,,
185,MB1A3EHD9JPGB8966,,N,N,,
186,MB1A3EHD9KPEJ8756,,N,N,,
187,MB1A3EHDXJAXJ6411,,N,N,,
188,MB1A3EHDXJAYJ5178,,N,N,,
189,MB1A3EHDXJEFA3076,,N,N,,
190,MB1A3EHDXJPEC9730,,N,N,,
191,MB1A3EHDXKAGK1545,,N,N,,
192,MB1A3EHDXKPCK5029,,N,N,,
193,MB1A3EHDXKPDK1890,,N,N,,
194,MB1A3EHDXKPDK3137,,N,N,,
195,MB1A3HHD1KRJA9412,,N,N,,
196,MB1A3HHD8JRWA0834,,N,N,,
197,MB1CTCHD0JAYJ4764,,N,N,,
198,MB1CTCHD0JEWC3057,,N,N,,
199,MB1CTCHD0JPEC8776,,N,N,,
200,MB1CTCHD0JPEC9720,,N,N,,
201,MB1CTCHD0JPGB9999,,N,N,,
202,MB1CTCHD1JPFC3279,,N,N,,
203,MB1CTCHD2JAWJ7613,,N,N,,
204,MB1CTCHD2JPAE5101,,N,N,,
205,MB1CTCHD2JPAE5230,,N,N,,
206,MB1CTCHD2JPGC2824,,N,N,,
207,MB1CTCHD2JPHB6721,,N,N,,
208,MB1CTCHD2KPHH7424,,N,N,,
209,MB1CTCHD3JAYJ5567,,N,N,,
210,MB1CTCHD3JPGB9883,,N,N,,
211,MB1CTCHD3JPHB7294,,N,N,,
212,MB1CTCHD3KEDD9426,,N,N,,
213,MB1CTCHD3KPEJ9561,,N,N,,
214,MB1CTCHD4JPAE5231,,N,N,,
215,MB1CTCHD4KPHH3942,,N,N,,
216,MB1CTCHD5JAEH8673,,N,N,,
217,MB1CTCHD5JAEH9371,,N,N,,
218,MB1CTCHD5JEAB7014,,N,N,,
219,MB1CTCHD5JPBE1725,,N,N,,
220,MB1CTCHD5JPEC9163,,N,N,,
221,MB1CTCHD5JPGC0002,,N,N,,
222,MB1CTCHD5JPHB5983,,N,N,,
223,MB1CTCHD5JPWG2988,,N,N,,
224,MB1CTCHD5KAEK4621,,N,N,,
225,MB1CTCHD5KAEK5140,,N,N,,
226,MB1CTCHD5KPEJ7598,,N,N,,
227,MB1CTCHD5KPHH4873,,N,N,,
228,MB1CTCHD5KPHH4923,,N,N,,
229,MB1CTCHD5KPJG6350,,N,N,,
230,MB1CTCHD5KPJH0186,,N,N,,
231,MB1CTCHD6JAXJ6970,,N,N,,
232,MB1CTCHD6JAYJ5045,,N,N,,
233,MB1CTCHD6JAYJ5210,,N,N,,
234,MB1CTCHD6JPCE0151,,N,N,,
235,MB1CTCHD6JPXF8340,,N,N,,
236,MB1CTCHD6JPXG0069,,N,N,,
237,MB1CTCHD6KPHH3506,,N,N,,
238,MB1CTCHD6KPHH4882,,N,N,,
239,MB1CTCHD7JAGH5506,,N,N,,
240,MB1CTCHD7JAWJ7445,,N,N,,
241,MB1CTCHD7JAXJ5875,,N,N,,
242,MB1CTCHD7JAXJ6492,,N,N,,
243,MB1CTCHD7JAXJ6766,,N,N,,
244,MB1CTCHD7JAYJ5040,,N,N,,
245,MB1CTCHD7JAYJ5619,,N,N,,
246,MB1CTCHD7JEAB5748,,N,N,,
247,MB1CTCHD7JEBB3176,,N,N,,
248,MB1CTCHD7JEBB5025,,N,N,,
249,MB1CTCHD7JECB0037,,N,N,,
250,MB1CTCHD7JEHZ7795,,N,N,,
251,MB1CTCHD7JPAE5031,,N,N,,
252,MB1CTCHD7JPBE1483,,N,N,,
253,MB1CTCHD7JPDD5284,,N,N,,
254,MB1CTCHD7JRHV5037,,N,N,,
255,MB1CTCHD7KAEK4507,,N,N,,
256,MB1CTCHD7KAEK4510,,N,N,,
257,MB1CTCHD7KAFK3604,,N,N,,
258,MB1CTCHD7KPHH4891,,N,N,,
259,MB1CTCHD7KPJH1176,,N,N,,
260,MB1CTCHD8JAFH7374,,N,N,,
261,MB1CTCHD8JAXJ5738,,N,N,,
262,MB1CTCHD8JAYJ5161,,N,N,,
263,MB1CTCHD8JEYB9327,,N,N,,
264,MB1CTCHD8JPBE2867,,N,N,,
265,MB1CTCHD8JPCD7879,,N,N,,
266,MB1CTCHD8JPDD6928,,N,N,,
267,MB1CTCHD8JPWG3178,,N,N,,
268,MB1CTCHD8JPWG3553,,N,N,,
269,MB1CTCHD8JPXG0106,,N,N,,
270,MB1CTCHD8KPJG8352,,N,N,,
271,MB1CTCHD8KPJH0165,,N,N,,
272,MB1CTCHD9JADJ1253,,N,N,,
273,MB1CTCHD9JEAB5881,,N,N,,
274,MB1CTCHD9JPFC7628,,N,N,,
275,MB1CTCHD9JPYE9795,,N,N,,
276,MB1CTCHD9KAEK4511,,N,N,,
277,MB1CTCHD9KEFD5967,,N,N,,
278,MB1CTCHD9KPFJ4657,,N,N,,
279,MB1CTCHD9KPHH4889,,N,N,,
280,MB1CTCHD9KPJG5623,,N,N,,
281,MB1CTCHD9KPJG9901,,N,N,,
282,MB1CTCHDXJAXJ6132,,N,N,,
283,MB1CTCHDXJEWC3177,,N,N,,
284,MB1CTCHDXJPAE5055,,N,N,,
285,MB1CTCHDXJPDD4923,,N,N,,
286,MB1CTCHDXJPED1605,,N,N,,
287,MB1CTCHDXKAEK4503,,N,N,,
288,MB1CTCHDXKAEK5098,,N,N,,
289,MB1CTCHDXKPFJ6501,,N,N,,
290,MB1CTCHDXKPHH3511,,N,N,,
291,MB1CTCHDXKPJG6649,,N,N,,
292,MB1CTCHDXKPJH0359,,N,N,,
293,MB1DTCHD1JRDX4515,,N,N,,
294,MB1DTCHD2KREC3248,,N,N,,
295,MB1DTCHD2KRJA8821,,N,N,,
296,MB1DTCHD5JRXZ9362,,N,N,,
297,MB1DTCHD5KRJA3659,,N,N,,
298,MB1DTCHDXKEJC2389,,N,N,,
299,MB1G3CHD3JEGZ9512,,N,N,,
300,MB1G3CHD3JEYB9544,,N,N,,
301,MB1G3CHD5JECB1348,,N,N,,
302,MB1G3CHD6JECB1522,,N,N,,
303,MB1G3CHD7JEAB6996,,N,N,,
304,MB1G3CHD8JEFA2877,,N,N,,
305,MB1G3CHD9JEBB3164,,N,N,,
306,MB1G3CHD9JEDA8021,,N,N,,
307,MB1G3CHDXJEEA6443,,N,N,,
308,MB1G3DHD0JEXC2419,,N,N,,
309,MB1G3DHD0JPDD4419,,N,N,,
310,MB1G3DHD0JREX3099,,N,N,,
311,MB1G3DHD1JREX2835,,N,N,,
312,MB1G3DHD2JEAB5700,,N,N,,
313,MB1G3DHD3JEGA1371,,N,N,,
314,MB1G3DHD3JEHZ8790,,N,N,,
315,MB1G3DHD3JPFC4960,,N,N,,
316,MB1G3DHD3JRCX7836,,N,N,,
317,MB1G3DHD4JEGA0195,,N,N,,
318,MB1G3DHD4JEYB9137,,N,N,,
319,MB1G3DHD4JPDD6237,,N,N,,
320,MB1G3DHD5JEAB7263,,N,N,,
321,MB1G3DHD5JEDA9219,,N,N,,
322,MB1G3DHD5JEEA6565,,N,N,,
323,MB1G3DHD5JPDD4190,,N,N,,
324,MB1G3DHD6JEDA7849,,N,N,,
325,MB1G3DHD6JRBY1697,,N,N,,
326,MB1G3DHD7JEFA4268,,N,N,,
327,MB1G3DHD8JEAB5345,,N,N,,
328,MB1G3DHD8JRYZ2198,,N,N,,
329,MB1G3DHD9JRYZ2291,,N,N,,
330,MB1G3DHDXJEAB5363,,N,N,,
331,MB1HTDHD0JEBB4469,,N,N,,
332,MB1HTDHD0JECB1011,,N,N,,
333,MB1HTDHD0JEDA8533,,N,N,,
334,MB1HTDHD0JEDA9391,,N,N,,
335,MB1HTDHD0JEYB9446,,N,N,,
336,MB1HTDHD0JPAE5402,,N,N,,
337,MB1HTDHD0JREW9669,,N,N,,
338,MB1HTDHD0JRHV7045,,N,N,,
339,MB1HTDHD1JEBB4013,,N,N,,
340,MB1HTDHD1JEBB4643,,N,N,,
341,MB1HTDHD1JEEA5207,,N,N,,
342,MB1HTDHD1JEFA2147,,N,N,,
343,MB1HTDHD1JEYB9634,,N,N,,
344,MB1HTDHD1JREX1477,,N,N,,
345,MB1HTDHD1JRFW5844,,N,N,,
346,MB1HTDHD2JEYB9447,,N,N,,
347,MB1HTDHD2JEYB9576,,N,N,,
348,MB1HTDHD2JRAY6574,,N,N,,
349,MB1HTDHD2JRDX4692,,N,N,,
350,MB1HTDHD3JEBB4322,,N,N,,
351,MB1HTDHD3JEGA0449,,N,N,,
352,MB1HTDHD3JEYB9442,,N,N,,
353,MB1HTDHD3JEYB9635,,N,N,,
354,MB1HTDHD3JPFC3568,,N,N,,
355,MB1HTDHD3JRBY3301,,N,N,,
356,MB1HTDHD4JEAB5704,,N,N,,
357,MB1HTDHD4JEAB5847,,N,N,,
358,MB1HTDHD4JEAB6982,,N,N,,
359,MB1HTDHD4JEAB7131,,N,N,,
360,MB1HTDHD4JEEA5735,,N,N,,
361,MB1HTDHD4JEFA3535,,N,N,,
362,MB1HTDHD4JPAE5385,,N,N,,
363,MB1HTDHD4JPYF4219,,N,N,,
364,MB1HTDHD4JRAY6575,,N,N,,
365,MB1HTDHD4JRDX4709,,N,N,,
366,MB1HTDHD4JRDX5777,,N,N,,
367,MB1HTDHD4JREX2204,,N,N,,
368,MB1HTDHD5JEEA5209,,N,N,,
369,MB1HTDHD5JEYB9443,,N,N,,
370,MB1HTDHD5JRDX4900,,N,N,,
371,MB1HTDHD5JRDX6128,,N,N,,
372,MB1HTDHD6JEGA0574,,N,N,,
373,MB1HTDHD6JEYB9306,,N,N,,
374,MB1HTDHD6JRAY6223,,N,N,,
375,MB1HTDHD6JRDX6395,,N,N,,
376,MB1HTDHD7JEBB3495,,N,N,,
377,MB1HTDHD7JEBB4310,,N,N,,
378,MB1HTDHD7JEFA3092,,N,N,,
379,MB1HTDHD7JPCD8808,,N,N,,
380,MB1HTDHD7JRBY4662,,N,N,,
381,MB1HTDHD7JRDX4705,,N,N,,
382,MB1HTDHD8JEBB4364,,N,N,,
383,MB1HTDHD8JEYB9503,,N,N,,
384,MB1HTDHD9JEAB5441,,N,N,,
385,MB1HTDHD9JEEA6461,,N,N,,
386,MB1HTDHD9JEEA6976,,N,N,,
387,MB1HTDHD9JPDD5637,,N,N,,
388,MB1HTDHD9JRAY5387,,N,N,,
389,MB1HTDHDXJEAB7134,,N,N,,
390,MB1HTDHDXJEDA9432,,N,N,,
391,MB1HTDHDXJEXC2013,,N,N,,
392,MB1HTDHDXJEYB9504,,N,N,,
393,MB1HTDHDXJPBE4356,,N,N,,
394,MB1HTDHDXJPCD9029,,N,N,,
395,MB1HTDHDXJPED2684,,N,N,,
396,MB1HTDHDXJRAY6578,,N,N,,
397,MB1HTLHD0JPDD7092,,N,N,,
398,MB1HTLHD0JRAY8530,,N,N,,
399,MB1HTLHD0JRCX8263,,N,N,,
400,MB1HTLHD0JRKA3300,,N,N,,
401,MB1HTLHD1JPBE4465,,N,N,,
402,MB1HTLHD1JPYF1515,,N,N,,
403,MB1HTLHD2JPCE1271,,N,N,,
404,MB1HTLHD2JPYF0177,,N,N,,
405,MB1HTLHD2JRCX8152,,N,N,,
406,MB1HTLHD3JPAE6070,,N,N,,
407,MB1HTLHD4JPAE7793,,N,N,,
408,MB1HTLHD5JPCD9983,,N,N,,
409,MB1HTLHD6JPBE3909,,N,N,,
410,MB1HTLHD6JPXF7033,,N,N,,
411,MB1HTLHD6JRAY9147,,N,N,,
412,MB1JADHD0JRGW1424,,N,N,,
413,MB1JADHD3JRAY6302,,N,N,,
414,MB1JADHD3JRAY7269,,N,N,,
415,MB1JADHD4JPAE6673,,N,N,,
416,MB1JADHD6JPCE0900,,N,N,,
417,MB1JADHD7JRCX8550,,N,N,,
418,MB1JADHD7JRCY0959,,N,N,,
419,MB1JADHD8JPAE5736,,N,N,,
420,MB1JADHD8JPAE7468,,N,N,,
421,MB1JADHD8JPCE1238,,N,N,,
422,MB1JADHD8JPGB9185,,N,N,,
423,MB1JADHD8JREX3301,,N,N,,
424,MB1JADHD9JPXF9632,,N,N,,
425,MB1JADHD9JRBY2094,,N,N,,
426,MB1JADHD9JRDX3675,,N,N,,
427,MB1KACHD0JAFH8181,,N,N,,
428,MB1KACHD0JEFA4283,,N,N,,
429,MB1KACHD0JEHZ7185,,N,N,,
430,MB1KACHD0JPCD8414,,N,N,,
431,MB1KACHD0JPHB7741,,N,N,,
432,MB1KACHD0JRGW4144,,N,N,,
433,MB1KACHD0JRHV8198,,N,N,,
434,MB1KACHD0JRXZ4311,,N,N,,
435,MB1KACHD1JAFH8495,,N,N,,
436,MB1KACHD1JEHZ6482,,N,N,,
437,MB1KACHD1JEXC0866,,N,N,,
438,MB1KACHD1JEXC1483,,N,N,,
439,MB1KACHD1JPFC3090,,N,N,,
440,MB1KACHD1JPFC5776,,N,N,,
441,MB1KACHD1JPFC7222,,N,N,,
442,MB1KACHD1JPGC0502,,N,N,,
443,MB1KACHD1JPHB7120,,N,N,,
444,MB1KACHD1JPXF7632,,N,N,,
445,MB1KACHD1JPYF0733,,N,N,,
446,MB1KACHD1JRAY8273,,N,N,,
447,MB1KACHD1JRKA3351,,N,N,,
448,MB1KACHD1JRXZ8500,,N,N,,
449,MB1KACHD1KAJJ8837,,N,N,,
450,MB1KACHD1KEGD3781,,N,N,,
451,MB1KACHD1KPHH2846,,N,N,,
452,MB1KACHD1KPJG8873,,N,N,,
453,MB1KACHD1KPJH1398,,N,N,,
454,MB1KACHD1KRHB1534,,N,N,,
455,MB1KACHD1KRJA4384,,N,N,,
456,MB1KACHD2JEAB6825,,N,N,,
457,MB1KACHD2JEBB3894,,N,N,,
458,MB1KACHD2JPAE7884,,N,N,,
459,MB1KACHD2JPBE1781,,N,N,,
460,MB1KACHD2JPCD7801,,N,N,,
461,MB1KACHD2JPDD4450,,N,N,,
462,MB1KACHD2JPDD6781,,N,N,,
463,MB1KACHD2JPED1356,,N,N,,
464,MB1KACHD2JPGC0492,,N,N,,
465,MB1KACHD2JPGC1836,,N,N,,
466,MB1KACHD2JPHB6378,,N,N,,
467,MB1KACHD2JPYF0739,,N,N,,
468,MB1KACHD2JPYF2863,,N,N,,
469,MB1KACHD2JRDX3726,,N,N,,
470,MB1KACHD2JRHV8185,,N,N,,
471,MB1KACHD2JRHV9532,,N,N,,
472,MB1KACHD2JRXZ5914,,N,N,,
473,MB1KACHD2JRYY9694,,N,N,,
474,MB1KACHD2KEJC5557,,N,N,,
475,MB1KACHD2KEJC6756,,N,N,,
476,MB1KACHD2KEJC7681,,N,N,,
477,MB1KACHD2KPHH2953,,N,N,,
478,MB1KACHD2KPHH3245,,N,N,,
479,MB1KACHD2KPJG5724,,N,N,,
480,MB1KACHD2KPJG6324,,N,N,,
481,MB1KACHD2KPJG8459,,N,N,,
482,MB1KACHD2KPJH1149,,N,N,,
483,MB1KACHD3JAAJ4223,,N,N,,
484,MB1KACHD3JAFH7431,,N,N,,
485,MB1KACHD3JAGH5665,,N,N,,
486,MB1KACHD3JAGH6461,,N,N,,
487,MB1KACHD3JEFA2172,,N,N,,
488,MB1KACHD3JEFA3760,,N,N,,
489,MB1KACHD3JEFA4035,,N,N,,
490,MB1KACHD3JEFA4536,,N,N,,
491,MB1KACHD3JEGA1378,,N,N,,
492,MB1KACHD3JEGA1672,,N,N,,
493,MB1KACHD3JEYB8863,,N,N,,
494,MB1KACHD3JEYC0032,,N,N,,
495,MB1KACHD3JPDD4411,,N,N,,
496,MB1KACHD3JPDD5199,,N,N,,
497,MB1KACHD3JPEC9096,,N,N,,
498,MB1KACHD3JPED0653,,N,N,,
499,MB1KACHD3JPGB8704,,N,N,,
500,MB1KACHD3JPGB9559,,N,N,,
501,MB1KACHD3JPGC1778,,N,N,,
502,MB1KACHD3JPGC1781,,N,N,,
503,MB1KACHD3JPGC2347,,N,N,,
504,MB1KACHD3JPHB3750,,N,N,,
505,MB1KACHD3JPWG4126,,N,N,,
506,MB1KACHD3JPXG0273,,N,N,,
507,MB1KACHD3JPYF1172,,N,N,,
508,MB1KACHD3JRAY7593,,N,N,,
509,MB1KACHD3JRDX5002,,N,N,,
510,MB1KACHD3JRGV9973,,N,N,,
511,MB1KACHD3JRGW4140,,N,N,,
512,MB1KACHD3JRXZ5825,,N,N,,
513,MB1KACHD3KPHH2993,,N,N,,
514,MB1KACHD3KPJG2881,,N,N,,
515,MB1KACHD3KPJG5182,,N,N,,
516,MB1KACHD3KPJG5988,,N,N,,
517,MB1KACHD3KPJG8552,,N,N,,
518,MB1KACHD4JEBB2844,,N,N,,
519,MB1KACHD4JEEA5711,,N,N,,
520,MB1KACHD4JEEA6650,,N,N,,
521,MB1KACHD4JEFA3606,,N,N,,
522,MB1KACHD4JEYB7737,,N,N,,
523,MB1KACHD4JEYB7883,,N,N,,
524,MB1KACHD4JPAE9040,,N,N,,
525,MB1KACHD4JPBE2270,,N,N,,
526,MB1KACHD4JPDD3994,,N,N,,
527,MB1KACHD4JPDD5258,,N,N,,
528,MB1KACHD4JPFC6985,,N,N,,
529,MB1KACHD4JPWG2028,,N,N,,
530,MB1KACHD4JPXF5874,,N,N,,
531,MB1KACHD4JPXF9343,,N,N,,
532,MB1KACHD4JPYF0970,,N,N,,
533,MB1KACHD4JPYF2766,,N,N,,
534,MB1KACHD4JPYF4291,,N,N,,
535,MB1KACHD4JRBY2583,,N,N,,
536,MB1KACHD4JRWZ9797,,N,N,,
537,MB1KACHD4JRWZ9850,,N,N,,
538,MB1KACHD4JRXZ5817,,N,N,,
539,MB1KACHD4KEFD6008,,N,N,,
540,MB1KACHD4KPHH6969,,N,N,,
541,MB1KACHD4KPJG5370,,N,N,,
542,MB1KACHD4KPJG5725,,N,N,,
543,MB1KACHD4KPJG9127,,N,N,,
544,MB1KACHD4KPJH0388,,N,N,,
545,MB1KACHD4KPJH1993,,N,N,,
546,MB1KACHD5JAHH5380,,N,N,,
547,MB1KACHD5JAYJ5393,,N,N,,
548,MB1KACHD5JEAB7399,,N,N,,
549,MB1KACHD5JECB0202,,N,N,,
550,MB1KACHD5JEHZ8140,,N,N,,
551,MB1KACHD5JEWC2987,,N,N,,
552,MB1KACHD5JEXC0885,,N,N,,
553,MB1KACHD5JEXC1387,,N,N,,
554,MB1KACHD5JEXC1504,,N,N,,
555,MB1KACHD5JEYB7665,,N,N,,
556,MB1KACHD5JPBE1449,,N,N,,
557,MB1KACHD5JPBE2522,,N,N,,
558,MB1KACHD5JPBE4285,,N,N,,
559,MB1KACHD5JPBE4674,,N,N,,
560,MB1KACHD5JPED1481,,N,N,,
561,MB1KACHD5JPED1593,,N,N,,
562,MB1KACHD5JPWG5083,,N,N,,
563,MB1KACHD5JPXF8993,,N,N,,
564,MB1KACHD5JPXF9416,,N,N,,
565,MB1KACHD5JPXF9657,,N,N,,
566,MB1KACHD5JPYF1092,,N,N,,
567,MB1KACHD5JPYF1948,,N,N,,
568,MB1KACHD5JPYF3084,,N,N,,
569,MB1KACHD5JRAY8924,,N,N,,
570,MB1KACHD5JRDX4059,,N,N,,
571,MB1KACHD5JRDX5003,,N,N,,
572,MB1KACHD5JRFW9000,,N,N,,
573,MB1KACHD5JRXZ8094,,N,N,,
574,MB1KACHD5JRYZ2816,,N,N,,
575,MB1KACHD5KAJJ8825,,N,N,,
576,MB1KACHD5KAJJ9277,,N,N,,
577,MB1KACHD5KEJC5889,,N,N,,
578,MB1KACHD5KPCK4207,,N,N,,
579,MB1KACHD5KPEJ8011,,N,N,,
580,MB1KACHD5KPJG5376,,N,N,,
581,MB1KACHD6JADJ0952,,N,N,,
582,MB1KACHD6JAFH7441,,N,N,,
583,MB1KACHD6JAFH8492,,N,N,,
584,MB1KACHD6JAGH6325,,N,N,,
585,MB1KACHD6JAXJ6176,,N,N,,
586,MB1KACHD6JECB0242,,N,N,,
587,MB1KACHD6JEDA7439,,N,N,,
588,MB1KACHD6JEEA5242,,N,N,,
589,MB1KACHD6JEFA3607,,N,N,,
590,MB1KACHD6JEYB7934,,N,N,,
591,MB1KACHD6JPCE1088,,N,N,,
592,MB1KACHD6JPDD5391,,N,N,,
593,MB1KACHD6JPFC2081,,N,N,,
594,MB1KACHD6JPFC6437,,N,N,,
595,MB1KACHD6JPHB6044,,N,N,,
596,MB1KACHD6JPHB7100,,N,N,,
597,MB1KACHD6JPWG4332,,N,N,,
598,MB1KACHD6JPWG5027,,N,N,,
599,MB1KACHD6JPXF6606,,N,N,,
600,MB1KACHD6JPXF7979,,N,N,,
601,MB1KACHD6JPYF4194,,N,N,,
602,MB1KACHD6JPYF4275,,N,N,,
603,MB1KACHD6JPYF4308,,N,N,,
604,MB1KACHD6JRXZ8508,,N,N,,
605,MB1KACHD6JRYZ2811,,N,N,,
606,MB1KACHD6JRYZ2839,,N,N,,
607,MB1KACHD6KEJC7862,,N,N,,
608,MB1KACHD6KPGH8333,,N,N,,
609,MB1KACHD6KPJG8531,,N,N,,
610,MB1KACHD6KPJG9503,,N,N,,
611,MB1KACHD6KRJA4123,,N,N,,
612,MB1KACHD7JAFH7741,,N,N,,
613,MB1KACHD7JAYJ5086,,N,N,,
614,MB1KACHD7JEAB5802,,N,N,,
615,MB1KACHD7JEBB3129,,N,N,,
616,MB1KACHD7JPBE2408,,N,N,,
617,MB1KACHD7JPBE3199,,N,N,,
618,MB1KACHD7JPCD9138,,N,N,,
619,MB1KACHD7JPDD3049,,N,N,,
620,MB1KACHD7JPDD5254,,N,N,,
621,MB1KACHD7JPHB6733,,N,N,,
622,MB1KACHD7JPWG3724,,N,N,,
623,MB1KACHD7JPXF6873,,N,N,,
624,MB1KACHD7JPXF9403,,N,N,,
625,MB1KACHD7JPYF2440,,N,N,,
626,MB1KACHD7JRAY7600,,N,N,,
627,MB1KACHD7JRHV7632,,N,N,,
628,MB1KACHD7JRXZ5150,,N,N,,
629,MB1KACHD7KAJJ8826,,N,N,,
630,MB1KACHD7KPEJ7992,,N,N,,
631,MB1KACHD7KPEJ8642,,N,N,,
632,MB1KACHD7KPHH2995,,N,N,,
633,MB1KACHD7KPHH4505,,N,N,,
634,MB1KACHD7KPJG2172,,N,N,,
635,MB1KACHD7KPJG5203,,N,N,,
636,MB1KACHD7KPJG6674,,N,N,,
637,MB1KACHD7KPJG9140,,N,N,,
638,MB1KACHD7KPJH0983,,N,N,,
639,MB1KACHD7KRJA3563,,N,N,,
640,MB1KACHD8JAEH8572,,N,N,,
641,MB1KACHD8JPWG2078,,N,N,,
642,MB1KACHD8JRCX8099,,N,N,,
643,MB1KACHD8KPJG7218,,N,N,,
644,MB1KACHD9JEAB6935,,N,N,,
645,MB1KACHD9JEBB2824,,N,N,,
646,MB1KACHD9JPGC2191,,N,N,,
647,MB1KACHD9JPGC2451,,N,N,,
648,MB1KACHD9JPYF2875,,N,N,,
649,MB1KACHD9KPJF8057,,N,N,,
650,MB1KACHDXJAGH5663,,N,N,,
651,MB1KACHDXJEFA3934,,N,N,,
652,MB1KACHDXJEXC1594,,N,N,,
653,MB1KACHDXJPAE7633,,N,N,,
654,MB1KACHDXJPDD7709,,N,N,,
655,MB1KACHDXJPYF2352,,N,N,,
656,MB1KACHDXJRGW2952,,N,N,,
657,MB1KACHDXKEHD0431,,N,N,,
658,MB1KAKHD0JPBE2499,,N,N,,
659,MB1KAKHD5JPBE3454,,N,N,,
660,MB1KAKHD6JPAE6831,,N,N,,
661,MB1KAKHD8JPCD9000,,N,N,,
662,MB1KAKHD9JPEC9937,,N,N,,
663,MB1KAKHDXJRAY8461,,N,N,,
664,MB1KAVHD9KPJG7787,,N,N,,
665,MB1KAVHDXHPXA0898,,N,N,,
666,MB1NACHD2JAFH7143,,N,N,,
667,MB1NACHD2JEGA0140,,N,N,,
668,MB1NACHD2JPGB8660,,N,N,,
669,MB1NACHD2JPGB8917,,N,N,,
670,MB1NACHD3JAHH4791,,N,N,,
671,MB1NACHD3JEGA0146,,N,N,,
672,MB1NACHD3JPHB6967,,N,N,,
673,MB1NACHD3JRHV9259,,N,N,,
674,MB1NACHD4JPHB4838,,N,N,,
675,MB1NACHD4JPHB5018,,N,N,,
676,MB1NACHD5JAHH3951,,N,N,,
677,MB1NACHD5JAHH4551,,N,N,,
678,MB1NACHD5JPGB8443,,N,N,,
679,MB1NACHD5JPGC0595,,N,N,,
680,MB1NACHD5JPGC0676,,N,N,,
681,MB1NACHD6JPHB3772,,N,N,,
682,MB1NACHD7HPVA9344,,N,N,,
683,MB1NACHD7JAHH4941,,N,N,,
684,MB1NACHD7JEHZ8668,,N,N,,
685,MB1NACHD7JPHB6518,,N,N,,
686,MB1NACHD7JPHB7233,,N,N,,
687,MB1NACHD9JEGA0541,,N,N,,
688,MB1NACHD9JPHB3913,,N,N,,
689,MB1NACHD9JPHB4432,,N,N,,
690,MB1NACHD9JPHB6441,,N,N,,
691,MB1NACHDXJEHZ8826,,N,N,,
692,MB1NACHDXJPHB4861,,N,N,,
693,MB1TLCHD1JEHZ7534,,N,N,,
694,MB1TLCHD1JPFC3850,,N,N,,
695,MB1TLCHD1KEFD4814,,N,N,,
696,MB1TLCHD2JEAB5964,,N,N,,
697,MB1TLCHD2JRYZ3484,,N,N,,
698,MB1TLCHD3JEXC0561,,N,N,,
699,MB1TLCHD3JPFC4112,,N,N,,
700,MB1TLCHD4KPFJ5358,,N,N,,
701,MB1TLCHD7JAGH7000,,N,N,,
702,MB1TLCHD7JEFA3677,,N,N,,
703,MB1TLCHD7JEXC0451,,N,N,,
704,MB1TLCHD7JPFC4114,,N,N,,
705,MB1TLCHD7JRDX3963,,N,N,,
706,MB1TLCHD7KEFD4669,,N,N,,
707,MB1TLCHD7KEFD4901,,N,N,,
708,MB1TLCHD7KEFD5370,,N,N,,
709,MB1TLCHD7KEFD5823,,N,N,,
710,MB1TLCHD8JECB0855,,N,N,,
711,MB1TLCHD8JRGW3743,,N,N,,
712,MB1TLCHD8KAJJ9711,,N,N,,
713,MB1TLCHD8KEFD5250,,N,N,,
714,MB1TLCHD9JAGH6429,,N,N,,
715,MB1TLCHD9JEYB9367,,N,N,,
716,MB1TLCHD9JPCD8863,,N,N,,
717,MB1TLCHD9JRYZ1439,,N,N,,
718,MB1TLCHD9KRHB0145,,N,N,,
719,MB1TLCHDXJAFH8090,,N,N,,
720,MB1TLCHDXJEFA3155,,N,N,,
721,MB1TLCHDXKAJJ7801,,N,N,,
722,MB1TLDHD0JEHZ9331,,N,N,,
723,MB1TLDHD0JPHB4441,,N,N,,
724,MB1TLDHD0JPYF2204,,N,N,,
725,MB1TLDHD1HEJZ6587,,N,N,,
726,MB1TLDHD1KPJF9109,,N,N,,
727,MB1TLDHD2JPFC3622,,N,N,,
728,MB1TLDHD2JPHB5025,,N,N,,
729,MB1TLDHD2JPYF3208,,N,N,,
730,MB1TLDHD4JECB0468,,N,N,,
731,MB1TLDHD4JPCD9232,,N,N,,
732,MB1TLDHD7JPBE1991,,N,N,,
733,MB1TLDHD7JPYF2961,,N,N,,
734,MB1TLDHD9JPHB5149,,N,N,,
735,MB1TLDHDXJPCD9719,,N,N,,
736,MB1TLDHDXJPGC0423,,N,N,,
737,MB1TLDHDXKPJF8458,,N,N,,
738,MB1TLKHD0KPJG6301,,N,N,,
739,MB1TLKHD1JPXF9390,,N,N,,
740,MB1TLKHD1JPYE9722,,N,N,,
741,MB1TLKHD1KPJG6307,,N,N,,
742,MB1TLKHD2JRXZ5047,,N,N,,
743,MB1TLKHD2KPJG7465,,N,N,,
744,MB1TLKHD3JPFC7845,,N,N,,
745,MB1TLKHD3KPHH3411,,N,N,,
746,MB1TLKHD3KPJG6342,,N,N,,
747,MB1TLKHD5JPXG0137,,N,N,,
748,MB1TLKHD5KPFJ5895,,N,N,,
749,MB1TLKHD6KPFJ7056,,N,N,,
750,MB1TLKHD7JPXF5490,,N,N,,
751,MB1TLKHD7JRCX7793,,N,N,,
752,MB1TLKHD8JPYF2858,,N,N,,
753,MB1TLKHD8KPHH4103,,N,N,,
754,MB1TLKHD8KPJH1553,,N,N,,
755,MB1TLKHD9JPXF8679,,N,N,,
756,MB1TLKHD9KPHH5552,,N,N,,
757,MB1TLKHD9KPJG7463,,N,N,,
758,MB1TLKHD9KRJA4934,,N,N,,
759,MB1TLKHDXJPYF4773,,N,N,,
760,MB1TLKHDXJRFW9258,,N,N,,
761,MB1TLKHDXJRXZ5863,,N,N,,
762,MB1TLKHDXKRFB9716,,N,N,,
763,MB1TRCHD0JAXJ6087,,N,N,,
764,MB1TRCHD0JPCE0001,,N,N,,
765,MB1TRCHD0JREX1473,,N,N,,
766,MB1TRCHD0KEJC3027,,N,N,,
767,MB1TRCHD1JAFH7179,,N,N,,
768,MB1TRCHD1JAFH7960,,N,N,,
769,MB1TRCHD1JEAB6988,,N,N,,
770,MB1TRCHD1JEBB3494,,N,N,,
771,MB1TRCHD1JEBB4225,,N,N,,
772,MB1TRCHD1JPCE0217,,N,N,,
773,MB1TRCHD1JRHV8627,,N,N,,
774,MB1TRCHD1KRGB5593,,N,N,,
775,MB1TRCHD2JAFH7868,,N,N,,
776,MB1TRCHD2JAFH7871,,N,N,,
777,MB1TRCHD2JAHH4040,,N,N,,
778,MB1TRCHD2JRHV7907,,N,N,,
779,MB1TRCHD2JRYY9966,,N,N,,
780,MB1TRCHD3JABJ2343,,N,N,,
781,MB1TRCHD3JPGB9803,,N,N,,
782,MB1TRCHD3JRGW1333,,N,N,,
783,MB1TRCHD3KAJJ9128,,N,N,,
784,MB1TRCHD3KRGB5594,,N,N,,
785,MB1TRCHD4JEBB3831,,N,N,,
786,MB1TRCHD4JEBB4185,,N,N,,
787,MB1TRCHD4JEGA0110,,N,N,,
788,MB1TRCHD4JEYB9985,,N,N,,
789,MB1TRCHD4JPCD9997,,N,N,,
790,MB1TRCHD4KEJC3144,,N,N,,
791,MB1TRCHD5JEAB6881,,N,N,,
792,MB1TRCHD5JECB0780,,N,N,,
793,MB1TRCHD5JEGA2092,,N,N,,
794,MB1TRCHD6JAHH5062,,N,N,,
795,MB1TRCHD6JECB0061,,N,N,,
796,MB1TRCHD6JPCE0083,,N,N,,
797,MB1TRCHD6JPCE0214,,N,N,,
798,MB1TRCHD6JPYE9560,,N,N,,
799,MB1TRCHD7JEAB6882,,N,N,,
800,MB1TRCHD7JEAB7207,,N,N,,
801,MB1TRCHD7JEBB3399,,N,N,,
802,MB1TRCHD7JPCE0089,,N,N,,
803,MB1TRCHD7JRAY7058,,N,N,,
804,MB1TRCHD7JRDX4593,,N,N,,
805,MB1TRCHD7JREX1292,,N,N,,
806,MB1TRCHD7JRXZ4416,,N,N,,
807,MB1TRCHD7KPGJ3346,,N,N,,
808,MB1TRCHD8JADJ1274,,N,N,,
809,MB1TRCHD8JAFH7017,,N,N,,
810,MB1TRCHD8JEAB6454,,N,N,,
811,MB1TRCHD8JEHZ8968,,N,N,,
812,MB1TRCHD8JRAY8493,,N,N,,
813,MB1TRCHD8KEJC3146,,N,N,,
814,MB1TRCHD8KPGJ2836,,N,N,,
815,MB1TRCHD9JEYB9898,,N,N,,
816,MB1TRCHD9JEYB9996,,N,N,,
817,MB1TRCHD9JEYC0159,,N,N,,
818,MB1TRCHD9JRDX3980,,N,N,,
819,MB1TRCHD9JRGW3913,,N,N,,
820,MB1TRCHD9KEFD5644,,N,N,,
821,MB1TRCHD9KEJC3026,,N,N,,
822,MB1TRCHDXJAFH7018,,N,N,,
823,MB1TRCHDXJAXJ6274,,N,N,,
824,MB1TRCHDXJEBB3459,,N,N,,
825,MB1TRCHDXJEFA3011,,N,N,,
826,MB1TRCHDXJEGA0113,,N,N,,
827,MB1TRCHDXJPAE9475,,N,N,,
828,MB1TRCHDXJPBE1797,,N,N,,
829,MB1TRCHDXJPCE0006,,N,N,,
830,MB1TRCHDXJRAY8334,,N,N,,
831,MB1TRDHD0JPGC0333,,N,N,,
832,MB1TRDHD0JPGC1076,,N,N,,
833,MB1TRDHD0JPGC1241,,N,N,,
834,MB1TRDHD0JPHB6298,,N,N,,
835,MB1TRDHD0KPJG1013,,N,N,,
836,MB1TRDHD0KPJG5661,,N,N,,
837,MB1TRDHD1JPHB6293,,N,N,,
838,MB1TRDHD1JPXF6810,,N,N,,
839,MB1TRDHD1JPYF2680,,N,N,,
840,MB1TRDHD1JPYF4509,,N,N,,
841,MB1TRDHD1KPJG1022,,N,N,,
842,MB1TRDHD2JPGC1242,,N,N,,
843,MB1TRDHD3JPYF5175,,N,N,,
844,MB1TRDHD4JPFC7489,,N,N,,
845,MB1TRDHD5JPFC6903,,N,N,,
846,MB1TRDHD5JPFC6934,,N,N,,
847,MB1TRDHD5JPYF1340,,N,N,,
848,MB1TRDHD5JPYF2570,,N,N,,
849,MB1TRDHD5KPHH4411,,N,N,,
850,MB1TRDHD6JPGB8893,,N,N,,
851,MB1TRDHD6JPHB6970,,N,N,,
852,MB1TRDHD6JPYF0858,,N,N,,
853,MB1TRDHD6JPYF1556,,N,N,,
854,MB1TRDHD6KPJF8021,,N,N,,
855,MB1TRDHD7JPBE3660,,N,N,,
856,MB1TRDHD7JPGC1611,,N,N,,
857,MB1TRDHD7JPYF4529,,N,N,,
858,MB1TRDHD8JPFC8113,,N,N,,
859,MB1TRDHD8JPYF4541,,N,N,,
860,MB1TRDHD8KPFJ4413,,N,N,,
861,MB1TRDHD8KPJF8330,,N,N,,
862,MB1TRDHDXJPCE0707,,N,N,,
863,MB1TRDHDXJPFC6041,,N,N,,
864,MB1TRDHDXJPFC8114,,N,N,,
865,MB1TRDHDXJPXF8023,,N,N,,
866,MB1TRDHDXJPYF5223,,N,N,,
867,MB1TRDHDXKPCK4741,,N,N,,
868,MB1TRDHDXKPFJ4395,,N,N,,
869,MB1TRDHDXKPHH4405,,N,N,,
870,MB1TRKHD0JPAE6627,,N,N,,
871,MB1TRKHD0JPBE3097,,N,N,,
872,MB1TRKHD0JPBE3360,,N,N,,
873,MB1TRKHD0JPBE3777,,N,N,,
874,MB1TRKHD0JPCD8579,,N,N,,
875,MB1TRKHD0JPCD9599,,N,N,,
876,MB1TRKHD0JPCD9683,,N,N,,
877,MB1TRKHD0JPDD2736,,N,N,,
878,MB1TRKHD0JPFC3573,,N,N,,
879,MB1TRKHD0JPYE9757,,N,N,,
880,MB1TRKHD0JPYF2271,,N,N,,
881,MB1TRKHD0JPYF3095,,N,N,,
882,MB1TRKHD0JRAY7008,,N,N,,
883,MB1TRKHD0JRYZ3797,,N,N,,
884,MB1TRKHD0KPDK1824,,N,N,,
885,MB1TRKHD0KPDK2987,,N,N,,
886,MB1TRKHD0KPHH3722,,N,N,,
887,MB1TRKHD0KPHH3946,,N,N,,
888,MB1TRKHD0KPJG1579,,N,N,,
889,MB1TRKHD0KREC4662,,N,N,,
890,MB1TRKHD0KRGB4851,,N,N,,
891,MB1TRKHD0KRJA0740,,N,N,,
892,MB1TRKHD1JPAE6782,,N,N,,
893,MB1TRKHD1JPAE7978,,N,N,,
894,MB1TRKHD1JPAE8113,,N,N,,
895,MB1TRKHD1JPBE2962,,N,N,,
896,MB1TRKHD1JPBE3772,,N,N,,
897,MB1TRKHD1JPDD3264,,N,N,,
898,MB1TRKHD1JPDD4298,,N,N,,
899,MB1TRKHD1JPDD4706,,N,N,,
900,MB1TRKHD1JPDD6035,,N,N,,
901,MB1TRKHD1JPED1288,,N,N,,
902,MB1TRKHD1JPED1842,,N,N,,
903,MB1TRKHD1JPXF5676,,N,N,,
904,MB1TRKHD1JPXF5712,,N,N,,
905,MB1TRKHD1JPXF6567,,N,N,,
906,MB1TRKHD1JPYF0383,,N,N,,
907,MB1TRKHD1JRYZ4151,,N,N,,
908,MB1TRKHD1KPHH3910,,N,N,,
909,MB1TRKHD1KPHH5995,,N,N,,
910,MB1TRKHD1KPJG6032,,N,N,,
911,MB1TRKHD2JPAE6628,,N,N,,
912,MB1TRKHD2JPAE7438,,N,N,,
913,MB1TRKHD2JPAE7486,,N,N,,
914,MB1TRKHD2JPAE7956,,N,N,,
915,MB1TRKHD2JPBE3103,,N,N,,
916,MB1TRKHD2JPBE3697,,N,N,,
917,MB1TRKHD2JPCD8583,,N,N,,
918,MB1TRKHD2JPCD9331,,N,N,,
919,MB1TRKHD2JPDD4813,,N,N,,
920,MB1TRKHD2JPED0974,,N,N,,
921,MB1TRKHD2JPXF7503,,N,N,,
922,MB1TRKHD2JPYF0392,,N,N,,
923,MB1TRKHD2JPYF3292,,N,N,,
924,MB1TRKHD2JPYF3681,,N,N,,
925,MB1TRKHD2KPHH3107,,N,N,,
926,MB1TRKHD3JPAE9330,,N,N,,
927,MB1TRKHD3JPAE9358,,N,N,,
928,MB1TRKHD3JPCD8575,,N,N,,
929,MB1TRKHD3JPDD4030,,N,N,,
930,MB1TRKHD3JPDD6635,,N,N,,
931,MB1TRKHD3JPED0031,,N,N,,
932,MB1TRKHD3JPED0515,,N,N,,
933,MB1TRKHD3JPXF8255,,N,N,,
934,MB1TRKHD3JPXF8501,,N,N,,
935,MB1TRKHD3JPYF1762,,N,N,,
936,MB1TRKHD3JPYF2104,,N,N,,
937,MB1TRKHD3JPYF3110,,N,N,,
938,MB1TRKHD3JPYF3706,,N,N,,
939,MB1TRKHD3JRYY9341,,N,N,,
940,MB1TRKHD3KPFJ5568,,N,N,,
941,MB1TRKHD3KPJG8817,,N,N,,
942,MB1TRKHD4JPAE6775,,N,N,,
943,MB1TRKHD4JPAE7621,,N,N,,
944,MB1TRKHD4JPAE8414,,N,N,,
945,MB1TRKHD4JPAE8428,,N,N,,
946,MB1TRKHD4JPCD8620,,N,N,,
947,MB1TRKHD4JPDD5817,,N,N,,
948,MB1TRKHD4JPDD6031,,N,N,,
949,MB1TRKHD4JPDD7437,,N,N,,
950,MB1TRKHD4JPED2144,,N,N,,
951,MB1TRKHD4JPXF7518,,N,N,,
952,MB1TRKHD4JPYF1804,,N,N,,
953,MB1TRKHD4JRYZ3852,,N,N,,
954,MB1TRKHD4KPHH3710,,N,N,,
955,MB1TRKHD4KRJA7125,,N,N,,
956,MB1TRKHD5JPAE6641,,N,N,,
957,MB1TRKHD5JPAE9359,,N,N,,
958,MB1TRKHD5JPBE3676,,N,N,,
959,MB1TRKHD5JPCD9744,,N,N,,
960,MB1TRKHD5JPDD4708,,N,N,,
961,MB1TRKHD5JPDD5101,,N,N,,
962,MB1TRKHD5JPDD7690,,N,N,,
963,MB1TRKHD5JPED0032,,N,N,,
964,MB1TRKHD5JPED0712,,N,N,,
965,MB1TRKHD5JPED1309,,N,N,,
966,MB1TRKHD5JPED2184,,N,N,,
967,MB1TRKHD5JPXF5700,,N,N,,
968,MB1TRKHD5JPXF7611,,N,N,,
969,MB1TRKHD5JPYF0211,,N,N,,
970,MB1TRKHD5JPYF0922,,N,N,,
971,MB1TRKHD5JPYF3108,,N,N,,
972,MB1TRKHD5JRAY8669,,N,N,,
973,MB1TRKHD5JRAY8672,,N,N,,
974,MB1TRKHD5KPHH4171,,N,N,,
975,MB1TRKHD5KPJG5272,,N,N,,
976,MB1TRKHD6JPAE7636,,N,N,,
977,MB1TRKHD6JPAE9323,,N,N,,
978,MB1TRKHD6JPBE1788,,N,N,,
979,MB1TRKHD6JPBE2956,,N,N,,
980,MB1TRKHD6JPBE2973,,N,N,,
981,MB1TRKHD6JPBE3704,,N,N,,
982,MB1TRKHD6JPBE3959,,N,N,,
983,MB1TRKHD6JPCD8604,,N,N,,
984,MB1TRKHD6JPDD4958,,N,N,,
985,MB1TRKHD6JPDD6127,,N,N,,
986,MB1TRKHD6JPEC8614,,N,N,,
987,MB1TRKHD6JPED0962,,N,N,,
988,MB1TRKHD6JPED1142,,N,N,,
989,MB1TRKHD6JPED1237,,N,N,,
990,MB1TRKHD6JPYE9777,,N,N,,
991,MB1TRKHD6JPYE9973,,N,N,,
992,MB1TRKHD6JPYF0377,,N,N,,
993,MB1TRKHD6JPYF1805,,N,N,,
994,MB1TRKHD6JPYF2632,,N,N,,
995,MB1TRKHD6JRYZ3805,,N,N,,
996,MB1TRKHD6KPHH3126,,N,N,,
997,MB1TRKHD6KPHH3322,,N,N,,
998,MB1TRKHD6KPJG0307,,N,N,,
999,MB1TRKHD6KPJG9590,,N,N,,
1000,MB1TRKHD7JPBE3355,,N,N,,
1001,MB1TRKHD7JPBE3548,,N,N,,
1002,MB1TRKHD7JPBE3551,,N,N,,
1003,MB1TRKHD7JPCD9602,,N,N,,
1004,MB1TRKHD7JPDD4001,,N,N,,
1005,MB1TRKHD7JPDD4614,,N,N,,
1006,MB1TRKHD7JPDD5813,,N,N,,
1007,MB1TRKHD7JPED0758,,N,N,,
1008,MB1TRKHD7JPYF1571,,N,N,,
1009,MB1TRKHD7JPYF1800,,N,N,,
1010,MB1TRKHD7JPYF2106,,N,N,,
1011,MB1TRKHD7JPYF3286,,N,N,,
1012,MB1TRKHD7JRYZ1688,,N,N,,
1013,MB1TRKHD7KPHH5970,,N,N,,
1014,MB1TRKHD8JPAE6651,,N,N,,
1015,MB1TRKHD8JPAE7475,,N,N,,
1016,MB1TRKHD8JPAE9372,,N,N,,
1017,MB1TRKHD8JPBE1517,,N,N,,
1018,MB1TRKHD8JPCD7633,,N,N,,
1019,MB1TRKHD8JPDD3438,,N,N,,
1020,MB1TRKHD8JPDD5822,,N,N,,
1021,MB1TRKHD8JPDD6128,,N,N,,
1022,MB1TRKHD8JPDD7442,,N,N,,
1023,MB1TRKHD8JPYE9960,,N,N,,
1024,MB1TRKHD8JPYE9988,,N,N,,
1025,MB1TRKHD8JPYF1871,,N,N,,
1026,MB1TRKHD8JPYF3281,,N,N,,
1027,MB1TRKHD8JRYZ1702,,N,N,,
1028,MB1TRKHD8KPFJ6358,,N,N,,
1029,MB1TRKHD8KPHH6884,,N,N,,
1030,MB1TRKHD9JPAE7436,,N,N,,
1031,MB1TRKHD9JPBE2952,,N,N,,
1032,MB1TRKHD9JPCD8614,,N,N,,
1033,MB1TRKHD9JPDD3268,,N,N,,
1034,MB1TRKHD9JPED1135,,N,N,,
1035,MB1TRKHD9JPXF7594,,N,N,,
1036,MB1TRKHD9JPYF0213,,N,N,,
1037,MB1TRKHD9JPYF1748,,N,N,,
1038,MB1TRKHD9JPYF2673,,N,N,,
1039,MB1TRKHD9JPYF3709,,N,N,,
1040,MB1TRKHD9JRAY6827,,N,N,,
1041,MB1TRKHD9JRAY8674,,N,N,,
1042,MB1TRKHD9KPDK2003,,N,N,,
1043,MB1TRKHD9KPJG2276,,N,N,,
1044,MB1TRKHD9KRHB1188,,N,N,,
1045,MB1TRKHD9KRJA4060,,N,N,,
1046,MB1TRKHDXJPAE7428,,N,N,,
1047,MB1TRKHDXJPBE1566,,N,N,,
1048,MB1TRKHDXJPBE2779,,N,N,,
1049,MB1TRKHDXJPCD8878,,N,N,,
1050,MB1TRKHDXJPED1130,,N,N,,
1051,MB1TRKHDXJPXF7524,,N,N,,
1052,MB1TRKHDXJPYF1872,,N,N,,
1053,MB1TRVHD2KPJG4906,,N,N,,
1054,MB1TRVHD2KPJG5070,,N,N,,
1055,MB1TRVHD6KPJG5069,,N,N,,
1056,MB1TRVHD8JPWG4731,,N,N,,
1057,MB1UPCHD0KRDC8109,,N,N,,
1058,MB1UPCHD2JRXZ4575,,N,N,,
1059,MB1UPCHD3KRDC7746,,N,N,,
1060,MB1UPCHD3KREC4672,,N,N,,
1061,MB1UPCHD5JPCE0425,,N,N,,
1062,MB1UPCHD6KPFJ6942,,N,N,,
1063,MB1UPCHD7KRFC2541,,N,N,,
1064,MB1UPCHD8JRXZ4578,,N,N,,
1065,MB1UPCHD8KRGB7819,,N,N,,
1066,MB1UPCHD9KRGB8140,,N,N,,
1067,MB1UPDHD0JPFC7113,,N,N,,
1068,MB1UPDHD0JPYF1160,,N,N,,
1069,MB1UPDHD4JPFC7406,,N,N,,
1070,MB1UPDHD5JPCD7918,,N,N,,
1071,MB1UPDHD5JPDD6626,,N,N,,
1072,MB1UPDHD6JPED2250,,N,N,,
1073,MB1UPDHD6JPFC5396,,N,N,,
1074,MB1UPDHD6KPJF5341,,N,N,,
1075,MB1UPDHD8JPGB9165,,N,N,,
1076,MB1UPDHD9JPFC4839,,N,N,,
1077,MB1UPDHD9JPGC2978,,N,N,,
1078,MB1UPDHDXJPYF3918,,N,N,,
1079,MB1UPDHDXJPYF4826,,N,N,,
1080,MB1WADHD2JEFA3112,,N,N,,
1081,MB1WADHD5JPGC0820,,N,N,,
1082,MB1WADHD9JRFW8228,,N,N,,
1083,MB1A3CHD3JPED0741,,N,Y,50805.0,
1084,MB1A3CHD3JRYZ0598,,N,Y,39740.0,
1085,MB1A3CHD8JEBB4750,,N,Y,106090.0,
1086,MB1A3EHD4JPBE3761,,N,Y,201356.0,
1087,MB1A3EHD5JADJ1088,,N,Y,88633.0,
1088,MB1A3EHD5JAWJ7589,,N,Y,78200.0,
1089,MB1A3EHD6JPBE3633,,N,Y,237223.0,
1090,MB1A3EHD8JAYJ4904,,N,Y,54896.0,
1091,MB1A3EHD8KAFK4084,,N,Y,12452.0,
1092,MB1A3EHD9JAAJ3451,,N,Y,201180.0,
1093,MB1CTCHD1JAGH6523,,N,Y,115748.0,
1094,MB1CTCHD2JPAE5227,,N,Y,74676.0,
1095,MB1CTCHD6JPYE9804,,N,Y,83381.0,
1096,MB1CTCHD7JAAJ3249,,N,Y,118902.0,
1097,MB1CTCHD7JAEH9534,,N,Y,71380.0,
1098,MB1CTCHD8JPEC8783,,N,Y,214643.0,
1099,MB1CTCHD8JPEC8783,,N,Y,217352.0,
1100,MB1G3CHDXJEYB9542,,N,Y,711.0,
1101,MB1KACHD0JEBB3487,,N,Y,79166.0,
1102,MB1KACHD4JEYB7916,,N,Y,65139.0,
1103,MB1KACHD5JPXF7617,,N,Y,44258.0,
1104,MB1KACHD6JPDD3575,,N,Y,75501.0,
1105,MB1KACHD6KPHH2843,,N,Y,25000.0,
1106,MB1KACHD7JPED0994,,N,Y,117622.0,
1107,MB1KACHD8JEBB2586,,N,Y,97100.0,
1108,MB1KACHD8KPJH1740,,N,Y,47202.0,
1109,MB1NACHD5JPHB4220,,N,Y,172508.0,
1110,MB1NACHD8JAFH7129,,N,Y,81324.0,
1111,MB1TLKHD2KPJH1550,,N,Y,20821.0,
1112,MB1TLKHDXJPEC9475,,N,Y,76431.0,
1113,MB1TRCHD4JECB0026,,N,Y,43161.0,
1114,MB1TRCHD5JAEH9000,,N,Y,7439.0,
1115,MB1TRDHD8JPHB6064,,N,Y,80615.0,
1116,MB1TRDHD8JPHB6064,,N,Y,81564.0,
1117,MB1TRKHD1JPYE9959,,N,Y,35360.0,
1118,MB1TRKHD3JPAE9098,,N,Y,66902.0,
1119,MB1TRKHD4JPYF0927,,N,Y,37910.0,
1120,MB1TRKHD4JPYF2273,,N,Y,63105.0,
1121,MB1TRKHD7JPCD9681,,N,Y,65975.0,
1122,MB1TRKHD7JPDD3446,,N,Y,99202.0,
1123,MB1TRKHD8JPXF7523,,N,Y,81345.0,
1124,MB1TRKHD9JPBE2773,,N,Y,53404.0,
1125,MB1TRKHD9JPDD4033,,N,Y,72121.0,
1126,MB1UPCHD0JRFW8747,,N,Y,68623.0,
1127,MB1UPCHD2KRGB7394,,N,Y,12873.0,
1128,MB1UPDHDXJPFC7135,163054.3,N,Y,158211.0,-4843.299999999988
